id,employee_number,department_id,manager_id,first_name,last_name,email,job_title,hire_date,salary,employment_status
a2c505df-8601-50b9-93b2-c7f78d480ee0,EMP-0001,aa1cbb55-df5d-59d2-9d7b-ec3dee81345c,,Michael,Perry,michael.perry@sentinel.example,VP Business Operations,2018-10-22,95889.00,active
1e46ed46-07ad-5550-a904-c6ca6dbf1bb5,EMP-0002,aa1cbb55-df5d-59d2-9d7b-ec3dee81345c,,Carolyn,Walsh,carolyn.walsh@sentinel.example,Chief Strategy Officer,2026-03-26,51284.00,active
e0550b24-4f23-5686-97d1-721452b7ae0f,EMP-0003,aa1cbb55-df5d-59d2-9d7b-ec3dee81345c,,Kendra,Willis,kendra.willis@sentinel.example,VP Business Operations,2026-04-15,160690.00,active
e280663b-809e-5818-b0ee-103bb0697533,EMP-0004,4c8365d9-59ad-569e-be60-27d22f42c0ba,,Benjamin,Ford,benjamin.ford@sentinel.example,Operations Analyst,2025-07-04,82903.00,active
720c7389-880e-5928-a765-7ad18e1dd3c3,EMP-0005,214fc2d6-0181-571e-b00a-c5931cea3abf,,Rebecca,Henderson,rebecca.henderson@sentinel.example,Sales Manager,2023-02-03,69916.00,active
1db4a92b-a015-5bef-b875-c0931951c17a,EMP-0006,214fc2d6-0181-571e-b00a-c5931cea3abf,,Jennifer,Horn,jennifer.horn@sentinel.example,Sales Manager,2020-01-09,63233.00,active
bd33bd7e-3898-541a-b495-194773beb677,EMP-0007,f9172e95-b6b9-5cf9-80cd-102d8f42fb6d,,Mark,Flynn,mark.flynn@sentinel.example,Accountant,2021-10-15,49326.00,active
a43f6f36-6073-58cf-a353-14a49967d3c3,EMP-0008,2b60784d-019d-5175-b183-3ef66bbbcd36,,Jeffery,Acosta,jeffery.acosta@sentinel.example,Software Engineer,2019-08-02,166618.00,active
5072de10-99a6-5171-85cc-d8e9b0909d75,EMP-0009,2b60784d-019d-5175-b183-3ef66bbbcd36,,Kathleen,Williams,kathleen.williams@sentinel.example,Software Engineer,2021-04-11,98393.00,active
e95eb441-8390-5f2a-8300-5c0129b7d7a2,EMP-0010,214fc2d6-0181-571e-b00a-c5931cea3abf,,Lisa,Wiggins,lisa.wiggins@sentinel.example,Sales Manager,2022-02-20,75074.00,active
e2c71215-a998-57ec-9258-3758729ad0a0,EMP-0011,2b655cf7-4c5d-5851-ba55-82e7c45d6ed4,,Jennifer,Fritz,jennifer.fritz@sentinel.example,People Partner,2020-05-25,83989.00,active
325beaf5-ac3f-5db5-ad2c-6bddf7df8ee2,EMP-0012,f9172e95-b6b9-5cf9-80cd-102d8f42fb6d,,Blake,Jackson,blake.jackson@sentinel.example,FP&A Manager,2021-11-12,156487.00,active
864956dc-d3a3-5b04-8bc5-799893f07e26,EMP-0013,bbad392a-eb16-5a88-8b1d-71776f11346e,,Jerry,Walker,jerry.walker@sentinel.example,Support Specialist,2020-03-06,55021.00,active
ea94a58b-c854-5627-b53a-80296dac8550,EMP-0014,214fc2d6-0181-571e-b00a-c5931cea3abf,1db4a92b-a015-5bef-b875-c0931951c17a,Jamie,Shaffer,jamie.shaffer@sentinel.example,Solutions Consultant,2022-05-19,108869.00,active
bdf7146a-3812-5acd-91ef-5082be8572cd,EMP-0015,2b60784d-019d-5175-b183-3ef66bbbcd36,a43f6f36-6073-58cf-a353-14a49967d3c3,David,Bradford,david.bradford@sentinel.example,Data Engineer,2019-09-13,75649.00,active
2615f376-1faa-5e48-9dd4-c1e43700d30c,EMP-0016,061e4cbf-4b7c-575e-a6ae-c01ecb874583,,Grant,Green,grant.green@sentinel.example,Growth Manager,2025-08-20,138698.00,active
40f977bf-12fb-5fed-a8d0-306d76745eb9,EMP-0017,4c8365d9-59ad-569e-be60-27d22f42c0ba,e280663b-809e-5818-b0ee-103bb0697533,Donna,Luna,donna.luna@sentinel.example,Supply Chain Manager,2022-10-16,97300.00,active
3a4f62a5-f7a0-56c0-bb79-7d8de38aa58f,EMP-0018,214fc2d6-0181-571e-b00a-c5931cea3abf,1db4a92b-a015-5bef-b875-c0931951c17a,Brian,Richardson,brian.richardson@sentinel.example,Account Executive,2025-01-18,157377.00,active
147438f1-333c-58d0-8b03-9bd355453159,EMP-0019,4c8365d9-59ad-569e-be60-27d22f42c0ba,40f977bf-12fb-5fed-a8d0-306d76745eb9,Deanna,Jarvis,deanna.jarvis@sentinel.example,Operations Analyst,2025-08-23,165533.00,active
f5f526ac-45ce-5881-b8e3-aba560d0a1b1,EMP-0020,2b60784d-019d-5175-b183-3ef66bbbcd36,bdf7146a-3812-5acd-91ef-5082be8572cd,Wayne,Rose,wayne.rose@sentinel.example,Data Engineer,2019-12-28,82036.00,active
678334ea-bb7a-5cf8-a7cb-d3de14fc4518,EMP-0021,4c8365d9-59ad-569e-be60-27d22f42c0ba,147438f1-333c-58d0-8b03-9bd355453159,Christopher,Owen,christopher.owen@sentinel.example,Operations Analyst,2020-05-16,132827.00,active
2a90f8e4-a9b1-5562-bab0-9438db96571f,EMP-0022,f9172e95-b6b9-5cf9-80cd-102d8f42fb6d,325beaf5-ac3f-5db5-ad2c-6bddf7df8ee2,Chris,Parker,chris.parker@sentinel.example,Accountant,2024-06-24,87166.00,active
f07cf853-c39a-5a4a-ba49-9c85935326bc,EMP-0023,214fc2d6-0181-571e-b00a-c5931cea3abf,1db4a92b-a015-5bef-b875-c0931951c17a,Tara,Allen,tara.allen@sentinel.example,Solutions Consultant,2022-11-13,133414.00,active
008aa683-c142-586d-8cba-7423f86323a7,EMP-0024,214fc2d6-0181-571e-b00a-c5931cea3abf,e95eb441-8390-5f2a-8300-5c0129b7d7a2,Tracy,Smith,tracy.smith@sentinel.example,Sales Manager,2022-08-12,166062.00,active
62bc5936-414a-5c5c-960d-cad0a7a73825,EMP-0025,f9172e95-b6b9-5cf9-80cd-102d8f42fb6d,325beaf5-ac3f-5db5-ad2c-6bddf7df8ee2,Amber,Warner,amber.warner@sentinel.example,FP&A Manager,2022-10-29,54172.00,active
b52ce1d4-6469-5a26-9909-ab8fb46083e5,EMP-0026,bbad392a-eb16-5a88-8b1d-71776f11346e,864956dc-d3a3-5b04-8bc5-799893f07e26,Mary,Byrd,mary.byrd@sentinel.example,Customer Success Manager,2023-01-14,71700.00,active
ed04f0ce-6e9d-52fb-a016-192586a445e6,EMP-0027,2b60784d-019d-5175-b183-3ef66bbbcd36,a43f6f36-6073-58cf-a353-14a49967d3c3,Karen,Mosley,karen.mosley@sentinel.example,Software Engineer,2020-02-26,169795.00,active
c54d16c8-1076-51b3-b74b-a7977dfef5f1,EMP-0028,2b60784d-019d-5175-b183-3ef66bbbcd36,bdf7146a-3812-5acd-91ef-5082be8572cd,Joshua,Johnson,joshua.johnson@sentinel.example,Data Engineer,2024-04-28,150228.00,active
e81ffa47-f95e-5cb7-8af9-59e0bc376d12,EMP-0029,2b60784d-019d-5175-b183-3ef66bbbcd36,a43f6f36-6073-58cf-a353-14a49967d3c3,Jordan,Lee,jordan.lee@sentinel.example,Platform Architect,2023-01-16,147389.00,active
1797810b-3da0-543a-a89f-022953eea149,EMP-0030,2b60784d-019d-5175-b183-3ef66bbbcd36,5072de10-99a6-5171-85cc-d8e9b0909d75,Jason,Holland,jason.holland@sentinel.example,Platform Architect,2025-04-30,131434.00,leave
e8de5e72-dfef-5439-a069-3da83d10c24b,EMP-0031,214fc2d6-0181-571e-b00a-c5931cea3abf,720c7389-880e-5928-a765-7ad18e1dd3c3,Jason,Pitts,jason.pitts@sentinel.example,Account Executive,2025-11-08,52510.00,active
592ab68d-a06c-5818-b334-684d349a71b7,EMP-0032,2b60784d-019d-5175-b183-3ef66bbbcd36,a43f6f36-6073-58cf-a353-14a49967d3c3,Sean,Rivera,sean.rivera@sentinel.example,Data Engineer,2023-11-07,119150.00,active
87219e3f-c4ef-5e76-bc18-6f70e99c48ea,EMP-0033,061e4cbf-4b7c-575e-a6ae-c01ecb874583,2615f376-1faa-5e48-9dd4-c1e43700d30c,Erica,Benton,erica.benton@sentinel.example,Market Analyst,2024-02-20,88983.00,active
080af047-634c-5a70-8a42-a7a196cc9cce,EMP-0034,214fc2d6-0181-571e-b00a-c5931cea3abf,e95eb441-8390-5f2a-8300-5c0129b7d7a2,Lori,Gonzales,lori.gonzales@sentinel.example,Solutions Consultant,2025-03-06,113292.00,active
ad434966-8f70-5881-a489-131c6729a455,EMP-0035,061e4cbf-4b7c-575e-a6ae-c01ecb874583,2615f376-1faa-5e48-9dd4-c1e43700d30c,Nancy,Lester,nancy.lester@sentinel.example,Market Analyst,2026-03-11,154120.00,active
6d8e7ca8-1d93-5579-8f6b-fccfb709e535,EMP-0036,2b60784d-019d-5175-b183-3ef66bbbcd36,a43f6f36-6073-58cf-a353-14a49967d3c3,Miguel,Schultz,miguel.schultz@sentinel.example,Software Engineer,2022-01-29,144933.00,active
0f29a5df-d172-5fa1-b1c2-75544821c4b2,EMP-0037,4c8365d9-59ad-569e-be60-27d22f42c0ba,40f977bf-12fb-5fed-a8d0-306d76745eb9,Brandon,Church,brandon.church@sentinel.example,Operations Analyst,2026-01-16,65527.00,active
393bc13c-c3f1-5fa6-9060-a1fb7b4305b8,EMP-0038,061e4cbf-4b7c-575e-a6ae-c01ecb874583,87219e3f-c4ef-5e76-bc18-6f70e99c48ea,Robert,Robinson,robert.robinson@sentinel.example,Market Analyst,2021-04-07,105576.00,active
bb761e85-4a98-5b0e-9e2f-6d2ea99b6f0e,EMP-0039,2b60784d-019d-5175-b183-3ef66bbbcd36,5072de10-99a6-5171-85cc-d8e9b0909d75,Stephen,Clark,stephen.clark@sentinel.example,Data Engineer,2025-12-20,141154.00,active
ba165f71-b3e8-54b5-a438-92a63c7dfd47,EMP-0040,f9172e95-b6b9-5cf9-80cd-102d8f42fb6d,325beaf5-ac3f-5db5-ad2c-6bddf7df8ee2,Laurie,Hickman,laurie.hickman@sentinel.example,Financial Analyst,2024-05-12,76049.00,active
260a6523-345d-583b-954e-52ac08c04ed0,EMP-0041,2b655cf7-4c5d-5851-ba55-82e7c45d6ed4,e2c71215-a998-57ec-9258-3758729ad0a0,Melanie,Christensen,melanie.christensen@sentinel.example,People Partner,2025-03-25,112166.00,active
6e9e93a7-9c82-5b6f-aac5-986e258abbf6,EMP-0042,f9172e95-b6b9-5cf9-80cd-102d8f42fb6d,325beaf5-ac3f-5db5-ad2c-6bddf7df8ee2,Matthew,Erickson,matthew.erickson@sentinel.example,FP&A Manager,2023-07-09,146965.00,active
ef3e52db-8cc5-5f61-baf2-36e0152ca112,EMP-0043,f9172e95-b6b9-5cf9-80cd-102d8f42fb6d,325beaf5-ac3f-5db5-ad2c-6bddf7df8ee2,Stephanie,Chang,stephanie.chang@sentinel.example,Financial Analyst,2023-02-05,70380.00,active
c99464d9-22c8-5917-b9c1-871ca488eabc,EMP-0044,214fc2d6-0181-571e-b00a-c5931cea3abf,1db4a92b-a015-5bef-b875-c0931951c17a,Sarah,Miller,sarah.miller@sentinel.example,Solutions Consultant,2021-10-01,159209.00,active
f32f4e9f-001a-5959-addd-973d2c346672,EMP-0045,2b60784d-019d-5175-b183-3ef66bbbcd36,a43f6f36-6073-58cf-a353-14a49967d3c3,Dana,Schneider,dana.schneider@sentinel.example,Platform Architect,2024-04-26,97199.00,active
717ba421-a6f8-5db1-9044-71bb5dd8ac6d,EMP-0046,f9172e95-b6b9-5cf9-80cd-102d8f42fb6d,bd33bd7e-3898-541a-b495-194773beb677,Melissa,Johnson,melissa.johnson@sentinel.example,Financial Analyst,2022-08-16,127215.00,active
dc1b6f8c-400f-58bd-a44e-e05ace7b9212,EMP-0047,4c8365d9-59ad-569e-be60-27d22f42c0ba,147438f1-333c-58d0-8b03-9bd355453159,Maria,Frey,maria.frey@sentinel.example,Supply Chain Manager,2023-03-19,79898.00,active
1e61b996-144a-5c9f-9271-3bcf378e3ae1,EMP-0048,214fc2d6-0181-571e-b00a-c5931cea3abf,1db4a92b-a015-5bef-b875-c0931951c17a,Nicole,Barajas,nicole.barajas@sentinel.example,Solutions Consultant,2019-06-06,134304.00,active
ee81e599-ba72-5132-a2ae-2b97706a0327,EMP-0049,061e4cbf-4b7c-575e-a6ae-c01ecb874583,2615f376-1faa-5e48-9dd4-c1e43700d30c,Elizabeth,Edwards,elizabeth.edwards@sentinel.example,Market Analyst,2020-11-22,89317.00,active
0b91e08e-43ed-5f2a-8406-e11f257d45df,EMP-0050,2b655cf7-4c5d-5851-ba55-82e7c45d6ed4,260a6523-345d-583b-954e-52ac08c04ed0,Miguel,Miranda,miguel.miranda@sentinel.example,Talent Specialist,2024-05-16,135812.00,active
3d895a7a-fcde-5869-9788-cf61e288e1d9,EMP-0051,2b60784d-019d-5175-b183-3ef66bbbcd36,a43f6f36-6073-58cf-a353-14a49967d3c3,Tyrone,Lane,tyrone.lane@sentinel.example,Software Engineer,2026-04-06,145709.00,active
c86be2ba-e827-5011-a7e0-81783db703c5,EMP-0052,2b655cf7-4c5d-5851-ba55-82e7c45d6ed4,0b91e08e-43ed-5f2a-8406-e11f257d45df,Ruth,Chaney,ruth.chaney@sentinel.example,People Partner,2019-10-22,82786.00,active
e5a340fe-9b66-5cfe-809c-fab320a511e2,EMP-0053,214fc2d6-0181-571e-b00a-c5931cea3abf,e95eb441-8390-5f2a-8300-5c0129b7d7a2,Lisa,Evans,lisa.evans@sentinel.example,Solutions Consultant,2019-11-24,112645.00,active
1f7ca4f5-f574-5ae9-a376-6ccaea0499e6,EMP-0054,2b60784d-019d-5175-b183-3ef66bbbcd36,bdf7146a-3812-5acd-91ef-5082be8572cd,Alan,Gonzalez,alan.gonzalez@sentinel.example,Platform Architect,2018-08-09,130146.00,active
7f7576df-6164-5bb1-8491-367bf6607cbe,EMP-0055,061e4cbf-4b7c-575e-a6ae-c01ecb874583,2615f376-1faa-5e48-9dd4-c1e43700d30c,Maria,Hawkins,maria.hawkins@sentinel.example,Growth Manager,2020-10-05,126277.00,active
b2bb699e-dde0-5a59-9958-c6dd1e2fd40d,EMP-0056,2b60784d-019d-5175-b183-3ef66bbbcd36,5072de10-99a6-5171-85cc-d8e9b0909d75,Dennis,Rowe,dennis.rowe@sentinel.example,Software Engineer,2025-01-17,65289.00,active
752d1174-aa5f-523e-a43f-23449274de00,EMP-0057,bbad392a-eb16-5a88-8b1d-71776f11346e,b52ce1d4-6469-5a26-9909-ab8fb46083e5,Andrew,Robinson,andrew.robinson@sentinel.example,Support Specialist,2024-07-20,151599.00,active
51d1817d-3013-539a-a404-e93deedc0450,EMP-0058,061e4cbf-4b7c-575e-a6ae-c01ecb874583,ad434966-8f70-5881-a489-131c6729a455,Joshua,Hughes,joshua.hughes@sentinel.example,Growth Manager,2019-11-03,71589.00,active
6faf3b96-1e33-5f7b-bb75-5abef0333a44,EMP-0059,2b60784d-019d-5175-b183-3ef66bbbcd36,5072de10-99a6-5171-85cc-d8e9b0909d75,Adam,Ford,adam.ford@sentinel.example,Software Engineer,2022-02-01,105438.00,active
36db5887-f641-53d5-9868-d248c06b4851,EMP-0060,061e4cbf-4b7c-575e-a6ae-c01ecb874583,ad434966-8f70-5881-a489-131c6729a455,Amber,Reed,amber.reed@sentinel.example,Growth Manager,2021-04-03,57258.00,active
46099b53-b995-5295-a55c-cb11084ea950,EMP-0061,2b60784d-019d-5175-b183-3ef66bbbcd36,a43f6f36-6073-58cf-a353-14a49967d3c3,Jason,Bell,jason.bell@sentinel.example,Platform Architect,2021-11-22,106525.00,active
84408258-f8cc-551f-bff9-edebb421d6bd,EMP-0062,2b60784d-019d-5175-b183-3ef66bbbcd36,5072de10-99a6-5171-85cc-d8e9b0909d75,Maria,Koch,maria.koch@sentinel.example,Platform Architect,2022-10-04,151339.00,active
4d6870ac-e86d-5260-964e-cd547be7807d,EMP-0063,061e4cbf-4b7c-575e-a6ae-c01ecb874583,ad434966-8f70-5881-a489-131c6729a455,Alexis,Perez,alexis.perez@sentinel.example,Growth Manager,2019-03-31,83069.00,active
34946aee-0d57-5091-ae1d-f20ab5d8a2e8,EMP-0064,2b60784d-019d-5175-b183-3ef66bbbcd36,a43f6f36-6073-58cf-a353-14a49967d3c3,Joseph,Whitehead,joseph.whitehead@sentinel.example,Platform Architect,2021-09-20,112655.00,active
c482635f-5b68-5265-add5-f99f0b75414d,EMP-0065,4c8365d9-59ad-569e-be60-27d22f42c0ba,147438f1-333c-58d0-8b03-9bd355453159,Travis,Gentry,travis.gentry@sentinel.example,Operations Analyst,2020-01-18,79092.00,active
522e8cd7-a287-5dba-ba07-434292ee2ed9,EMP-0066,061e4cbf-4b7c-575e-a6ae-c01ecb874583,ad434966-8f70-5881-a489-131c6729a455,Michelle,Jones,michelle.jones@sentinel.example,Growth Manager,2022-02-01,150173.00,active
db1d103b-c3af-56cc-8b7e-30905656ea82,EMP-0067,061e4cbf-4b7c-575e-a6ae-c01ecb874583,2615f376-1faa-5e48-9dd4-c1e43700d30c,Julie,Snyder,julie.snyder@sentinel.example,Market Analyst,2024-05-05,161863.00,active
a5d41268-a7e0-5fbc-8f9a-5d82ea532122,EMP-0068,2b60784d-019d-5175-b183-3ef66bbbcd36,a43f6f36-6073-58cf-a353-14a49967d3c3,Meghan,Walker,meghan.walker@sentinel.example,Data Engineer,2020-02-08,103157.00,active
7bf7fc61-cf8e-57a4-a37b-723d6e4da4fd,EMP-0069,4c8365d9-59ad-569e-be60-27d22f42c0ba,40f977bf-12fb-5fed-a8d0-306d76745eb9,Nicholas,Castro,nicholas.castro@sentinel.example,Operations Analyst,2021-09-10,150809.00,active
038ddb68-4f33-5d44-bff0-32327078299e,EMP-0070,4c8365d9-59ad-569e-be60-27d22f42c0ba,e280663b-809e-5818-b0ee-103bb0697533,John,Munoz,john.munoz@sentinel.example,Supply Chain Manager,2026-02-24,152921.00,active
86d3dca2-5152-5ad7-ae43-709e43ab3982,EMP-0071,214fc2d6-0181-571e-b00a-c5931cea3abf,1db4a92b-a015-5bef-b875-c0931951c17a,Karen,Ortiz,karen.ortiz@sentinel.example,Account Executive,2020-08-31,152667.00,active
2aa5823b-e9a4-51aa-aeb1-e4c9dc0d748a,EMP-0072,2b60784d-019d-5175-b183-3ef66bbbcd36,5072de10-99a6-5171-85cc-d8e9b0909d75,Mark,Bowers,mark.bowers@sentinel.example,Data Engineer,2022-07-27,82126.00,active
6c8408bc-7593-5415-a0eb-5b552ef62637,EMP-0073,2b60784d-019d-5175-b183-3ef66bbbcd36,bdf7146a-3812-5acd-91ef-5082be8572cd,Michael,Bush,michael.bush@sentinel.example,Data Engineer,2024-02-17,53417.00,active
91422b73-0b6a-5e38-969c-3e03680d8fdd,EMP-0074,2b60784d-019d-5175-b183-3ef66bbbcd36,a43f6f36-6073-58cf-a353-14a49967d3c3,Vicki,Walker,vicki.walker@sentinel.example,Software Engineer,2020-12-31,137390.00,active
0122cfd5-2a20-5508-ad03-779342281d57,EMP-0075,214fc2d6-0181-571e-b00a-c5931cea3abf,1db4a92b-a015-5bef-b875-c0931951c17a,Deanna,Henderson,deanna.henderson@sentinel.example,Solutions Consultant,2020-11-09,59412.00,active
dcf4314c-e3bf-59be-b647-4c36396750b1,EMP-0076,214fc2d6-0181-571e-b00a-c5931cea3abf,1db4a92b-a015-5bef-b875-c0931951c17a,Elizabeth,Hernandez,elizabeth.hernandez@sentinel.example,Account Executive,2019-02-13,124248.00,active
48223e6e-fdbd-5fb5-9b78-1a44476d7366,EMP-0077,4c8365d9-59ad-569e-be60-27d22f42c0ba,147438f1-333c-58d0-8b03-9bd355453159,Craig,Monroe,craig.monroe@sentinel.example,Supply Chain Manager,2024-12-08,99770.00,active
fe0faaa6-ce52-59d0-935b-6d979c1a4e7d,EMP-0078,bbad392a-eb16-5a88-8b1d-71776f11346e,752d1174-aa5f-523e-a43f-23449274de00,Melissa,Taylor,melissa.taylor@sentinel.example,Customer Success Manager,2022-03-01,131191.00,active
5629bd13-c5fb-595b-bf72-0cbca5c35e98,EMP-0079,4c8365d9-59ad-569e-be60-27d22f42c0ba,e280663b-809e-5818-b0ee-103bb0697533,Ann,Baker,ann.baker@sentinel.example,Supply Chain Manager,2024-12-24,66091.00,active
38b70633-8c56-58a2-b08e-83e8c5c45b63,EMP-0080,bbad392a-eb16-5a88-8b1d-71776f11346e,752d1174-aa5f-523e-a43f-23449274de00,Jeremy,Garcia,jeremy.garcia@sentinel.example,Customer Success Manager,2024-07-29,74063.00,active
9faf0072-7ae5-529b-8236-c251bcd1b3ef,EMP-0081,2b60784d-019d-5175-b183-3ef66bbbcd36,bdf7146a-3812-5acd-91ef-5082be8572cd,April,Keller,april.keller@sentinel.example,Data Engineer,2020-01-15,173655.00,active
c36161c1-447e-5f76-b0ad-e65de33371a7,EMP-0082,2b60784d-019d-5175-b183-3ef66bbbcd36,5072de10-99a6-5171-85cc-d8e9b0909d75,Daniel,Brewer,daniel.brewer@sentinel.example,Software Engineer,2023-08-29,92904.00,active
40433ee6-1fc8-5ef7-9c0a-5c38ac588a81,EMP-0083,4c8365d9-59ad-569e-be60-27d22f42c0ba,40f977bf-12fb-5fed-a8d0-306d76745eb9,Susan,Kline,susan.kline@sentinel.example,Supply Chain Manager,2020-07-14,128528.00,active
b6e17934-9392-504d-94d0-1246b95e45ce,EMP-0084,061e4cbf-4b7c-575e-a6ae-c01ecb874583,2615f376-1faa-5e48-9dd4-c1e43700d30c,Carla,Watkins,carla.watkins@sentinel.example,Market Analyst,2019-09-02,107338.00,active
e35ba822-27e1-5a54-9b0a-89a1cde4c322,EMP-0085,214fc2d6-0181-571e-b00a-c5931cea3abf,1db4a92b-a015-5bef-b875-c0931951c17a,Nicole,Anderson,nicole.anderson@sentinel.example,Solutions Consultant,2020-12-23,105420.00,active
45c84ee9-d61c-56ff-858b-dd3a68c51c93,EMP-0086,214fc2d6-0181-571e-b00a-c5931cea3abf,1db4a92b-a015-5bef-b875-c0931951c17a,David,Potter,david.potter@sentinel.example,Account Executive,2026-01-07,152963.00,active
93a79ce4-9aa3-5428-8c89-2ce777b9617b,EMP-0087,bbad392a-eb16-5a88-8b1d-71776f11346e,864956dc-d3a3-5b04-8bc5-799893f07e26,Heather,Tyler,heather.tyler@sentinel.example,Customer Success Manager,2024-06-04,95322.00,active
c409ae2b-9e73-58df-a0ff-726941123020,EMP-0088,2b60784d-019d-5175-b183-3ef66bbbcd36,5072de10-99a6-5171-85cc-d8e9b0909d75,Antonio,Bailey,antonio.bailey@sentinel.example,Platform Architect,2023-11-07,143073.00,active
d70f7e32-1347-5ff1-a0b2-01c25a995c5e,EMP-0089,2b60784d-019d-5175-b183-3ef66bbbcd36,bdf7146a-3812-5acd-91ef-5082be8572cd,Hector,Arellano,hector.arellano@sentinel.example,Data Engineer,2024-10-08,93383.00,active
91ded739-a072-5e06-95f0-c2fec8339a2a,EMP-0090,214fc2d6-0181-571e-b00a-c5931cea3abf,720c7389-880e-5928-a765-7ad18e1dd3c3,James,Davis,james.davis@sentinel.example,Account Executive,2022-04-28,111854.00,active
212de062-d128-5a3d-8060-04ee557582c3,EMP-0091,061e4cbf-4b7c-575e-a6ae-c01ecb874583,2615f376-1faa-5e48-9dd4-c1e43700d30c,Daniel,Vasquez,daniel.vasquez@sentinel.example,Growth Manager,2025-11-19,145252.00,active
a2e3a1f7-9de6-5458-ae6c-2175ef9ca04c,EMP-0092,4c8365d9-59ad-569e-be60-27d22f42c0ba,147438f1-333c-58d0-8b03-9bd355453159,Sarah,Jones,sarah.jones@sentinel.example,Operations Analyst,2026-04-13,110004.00,active
a4bdf30d-a4d5-5962-af1a-68dc159fa6b4,EMP-0093,061e4cbf-4b7c-575e-a6ae-c01ecb874583,2615f376-1faa-5e48-9dd4-c1e43700d30c,John,Garcia,john.garcia@sentinel.example,Growth Manager,2024-11-12,164511.00,active
e3c6ee5c-58a8-51f8-af29-bd2c65cb59c7,EMP-0094,214fc2d6-0181-571e-b00a-c5931cea3abf,1db4a92b-a015-5bef-b875-c0931951c17a,Brandon,Jones,brandon.jones@sentinel.example,Account Executive,2021-07-08,55800.00,active
615a3c1d-b5db-58aa-a996-7cc13c531f25,EMP-0095,2b60784d-019d-5175-b183-3ef66bbbcd36,bdf7146a-3812-5acd-91ef-5082be8572cd,Kristina,Hale,kristina.hale@sentinel.example,Data Engineer,2018-11-21,115019.00,active
349b45f0-2f80-5de1-83ee-a4d22152b744,EMP-0096,4c8365d9-59ad-569e-be60-27d22f42c0ba,e280663b-809e-5818-b0ee-103bb0697533,Wanda,Sexton,wanda.sexton@sentinel.example,Operations Analyst,2020-11-14,161163.00,active
f5a9a29e-e621-541a-8b85-2f71be6dbeda,EMP-0097,2b60784d-019d-5175-b183-3ef66bbbcd36,a43f6f36-6073-58cf-a353-14a49967d3c3,Kimberly,Garcia,kimberly.garcia@sentinel.example,Software Engineer,2023-12-17,150498.00,active
0f21226d-cacb-52e9-bb5b-cb5bcde3d544,EMP-0098,4c8365d9-59ad-569e-be60-27d22f42c0ba,40f977bf-12fb-5fed-a8d0-306d76745eb9,Jose,Wilson,jose.wilson@sentinel.example,Operations Analyst,2024-08-01,168422.00,active
d01beb24-6f80-5c71-a71d-d3854411ab72,EMP-0099,214fc2d6-0181-571e-b00a-c5931cea3abf,e95eb441-8390-5f2a-8300-5c0129b7d7a2,Amber,Crawford,amber.crawford@sentinel.example,Sales Manager,2025-10-29,163083.00,leave
84649fbf-ec6c-502b-9311-c91e21846052,EMP-0100,4c8365d9-59ad-569e-be60-27d22f42c0ba,e280663b-809e-5818-b0ee-103bb0697533,Amy,Brown,amy.brown@sentinel.example,Operations Analyst,2022-01-02,76241.00,active
a425379b-b0c3-5c5e-a2ce-3b4fefdec11b,EMP-0101,4c8365d9-59ad-569e-be60-27d22f42c0ba,e280663b-809e-5818-b0ee-103bb0697533,Tiffany,Meyer,tiffany.meyer@sentinel.example,Operations Analyst,2018-10-03,118778.00,active
5ca0963e-1cba-5763-9715-dd3b667a9530,EMP-0102,4c8365d9-59ad-569e-be60-27d22f42c0ba,40f977bf-12fb-5fed-a8d0-306d76745eb9,Christopher,Levy,christopher.levy@sentinel.example,Supply Chain Manager,2019-03-17,93823.00,active
faadaff8-ebd8-56f8-9834-458600e22205,EMP-0103,2b60784d-019d-5175-b183-3ef66bbbcd36,a43f6f36-6073-58cf-a353-14a49967d3c3,Veronica,Fritz,veronica.fritz@sentinel.example,Platform Architect,2021-09-12,152033.00,active
0235e46a-3c88-5d4b-80ee-2f71e9e0b012,EMP-0104,061e4cbf-4b7c-575e-a6ae-c01ecb874583,87219e3f-c4ef-5e76-bc18-6f70e99c48ea,Jose,Robinson,jose.robinson@sentinel.example,Growth Manager,2019-04-14,110949.00,active
21c30843-99df-5d4f-9d2f-c4762f0f0774,EMP-0105,4c8365d9-59ad-569e-be60-27d22f42c0ba,e280663b-809e-5818-b0ee-103bb0697533,Robert,Reyes,robert.reyes@sentinel.example,Supply Chain Manager,2023-04-19,105086.00,active
05970209-0410-562d-a0ac-22a01e4f9690,EMP-0106,214fc2d6-0181-571e-b00a-c5931cea3abf,1db4a92b-a015-5bef-b875-c0931951c17a,Chelsea,Mueller,chelsea.mueller@sentinel.example,Account Executive,2023-01-13,144231.00,active
84d199b7-775f-5600-b11c-0c5a6732ca3c,EMP-0107,061e4cbf-4b7c-575e-a6ae-c01ecb874583,2615f376-1faa-5e48-9dd4-c1e43700d30c,Danny,Mccormick,danny.mccormick@sentinel.example,Growth Manager,2025-05-28,138610.00,active
1658933c-1986-5967-b5ba-7b4ff49d7cdc,EMP-0108,f9172e95-b6b9-5cf9-80cd-102d8f42fb6d,bd33bd7e-3898-541a-b495-194773beb677,Rebekah,Castaneda,rebekah.castaneda@sentinel.example,Accountant,2026-04-07,174724.00,active
1a8cb147-1585-587f-932d-d9ea83a26048,EMP-0109,214fc2d6-0181-571e-b00a-c5931cea3abf,e95eb441-8390-5f2a-8300-5c0129b7d7a2,Amanda,Mccall,amanda.mccall@sentinel.example,Solutions Consultant,2025-05-22,110722.00,active
b2947fa6-e385-5a03-8094-12ff83e65483,EMP-0110,4c8365d9-59ad-569e-be60-27d22f42c0ba,e280663b-809e-5818-b0ee-103bb0697533,Jeremy,Ross,jeremy.ross@sentinel.example,Operations Analyst,2022-07-25,121748.00,active
7242516c-cc48-56f1-9436-4afbcf0086dc,EMP-0111,bbad392a-eb16-5a88-8b1d-71776f11346e,b52ce1d4-6469-5a26-9909-ab8fb46083e5,Thomas,Evans,thomas.evans@sentinel.example,Support Specialist,2020-03-23,84330.00,active
db3f8d5c-dce1-52b2-98f2-485163a39bdd,EMP-0112,f9172e95-b6b9-5cf9-80cd-102d8f42fb6d,bd33bd7e-3898-541a-b495-194773beb677,Tammy,Williams,tammy.williams@sentinel.example,Accountant,2020-08-11,164159.00,active
b136f79e-100e-5a3c-b2f3-f0db6d3a6997,EMP-0113,bbad392a-eb16-5a88-8b1d-71776f11346e,752d1174-aa5f-523e-a43f-23449274de00,Elizabeth,Reyes,elizabeth.reyes@sentinel.example,Support Specialist,2019-03-06,148470.00,active
2f580b13-269d-545a-b185-76dff6ad506e,EMP-0114,061e4cbf-4b7c-575e-a6ae-c01ecb874583,ad434966-8f70-5881-a489-131c6729a455,Evelyn,Donovan,evelyn.donovan@sentinel.example,Growth Manager,2024-07-24,96218.00,active
46036e2e-65ef-51bf-baf1-53e7164a7bf4,EMP-0115,061e4cbf-4b7c-575e-a6ae-c01ecb874583,2615f376-1faa-5e48-9dd4-c1e43700d30c,Jessica,Miller,jessica.miller@sentinel.example,Growth Manager,2025-06-01,86490.00,active
8c83e28d-274c-59d3-af62-761a21d67554,EMP-0116,2b60784d-019d-5175-b183-3ef66bbbcd36,5072de10-99a6-5171-85cc-d8e9b0909d75,Doris,Stone,doris.stone@sentinel.example,Platform Architect,2023-02-04,66731.00,active
bbf2a6bb-88c0-54fe-9a2c-8d3f563eb1ee,EMP-0117,061e4cbf-4b7c-575e-a6ae-c01ecb874583,ad434966-8f70-5881-a489-131c6729a455,Max,Williams,max.williams@sentinel.example,Market Analyst,2018-10-10,68506.00,active
49ea2856-023c-5ffd-b3bf-82960190c959,EMP-0118,214fc2d6-0181-571e-b00a-c5931cea3abf,720c7389-880e-5928-a765-7ad18e1dd3c3,Ashlee,Arroyo,ashlee.arroyo@sentinel.example,Sales Manager,2021-12-15,76124.00,active
b0461422-02e1-52db-97c3-fe1789b240cf,EMP-0119,bbad392a-eb16-5a88-8b1d-71776f11346e,752d1174-aa5f-523e-a43f-23449274de00,Michael,Mendoza,michael.mendoza@sentinel.example,Support Specialist,2018-12-06,71611.00,leave
ac7499ff-7fb4-5933-a2b3-bb11621e0686,EMP-0120,4c8365d9-59ad-569e-be60-27d22f42c0ba,147438f1-333c-58d0-8b03-9bd355453159,Barbara,Blanchard,barbara.blanchard@sentinel.example,Operations Analyst,2025-10-30,68955.00,active
09f085ad-747e-5252-9308-7cc02a66886c,EMP-0121,2b655cf7-4c5d-5851-ba55-82e7c45d6ed4,0b91e08e-43ed-5f2a-8406-e11f257d45df,Martin,Lewis,martin.lewis@sentinel.example,People Partner,2026-03-12,96011.00,active
484dad0d-a898-565c-b3d2-17b5782023bd,EMP-0122,061e4cbf-4b7c-575e-a6ae-c01ecb874583,2615f376-1faa-5e48-9dd4-c1e43700d30c,Sarah,Brown,sarah.brown@sentinel.example,Market Analyst,2021-11-24,69260.00,active
29f89627-9934-5916-acef-ed156172909d,EMP-0123,214fc2d6-0181-571e-b00a-c5931cea3abf,1db4a92b-a015-5bef-b875-c0931951c17a,Eric,Bass,eric.bass@sentinel.example,Solutions Consultant,2023-02-05,115490.00,active
c33f2117-7695-5b57-b98a-567287832ce1,EMP-0124,214fc2d6-0181-571e-b00a-c5931cea3abf,720c7389-880e-5928-a765-7ad18e1dd3c3,James,Lyons,james.lyons@sentinel.example,Account Executive,2020-01-24,107725.00,active
66d559d2-64cd-58c9-91cc-ff7dcee82f8c,EMP-0125,061e4cbf-4b7c-575e-a6ae-c01ecb874583,ad434966-8f70-5881-a489-131c6729a455,John,Wu,john.wu@sentinel.example,Growth Manager,2020-11-17,153731.00,active
bbb7a724-6579-5c3e-9959-c05f4b1cf443,EMP-0126,2b60784d-019d-5175-b183-3ef66bbbcd36,5072de10-99a6-5171-85cc-d8e9b0909d75,Gabriel,Lee,gabriel.lee@sentinel.example,Platform Architect,2020-11-08,127080.00,active
771f9b83-a685-5eab-836c-da36ff9c14bf,EMP-0127,2b60784d-019d-5175-b183-3ef66bbbcd36,a43f6f36-6073-58cf-a353-14a49967d3c3,Matthew,Cline,matthew.cline@sentinel.example,Software Engineer,2022-08-18,94921.00,active
00b1eaa3-aff6-52f5-8539-ac4cb785322a,EMP-0128,214fc2d6-0181-571e-b00a-c5931cea3abf,e95eb441-8390-5f2a-8300-5c0129b7d7a2,Brendan,Murray,brendan.murray@sentinel.example,Solutions Consultant,2022-02-19,159239.00,active
81fe2b41-545a-5825-8777-57c43b94d763,EMP-0129,2b655cf7-4c5d-5851-ba55-82e7c45d6ed4,e2c71215-a998-57ec-9258-3758729ad0a0,Christopher,Bernard,christopher.bernard@sentinel.example,People Partner,2019-02-25,128423.00,active
4fbdeee3-1a5d-542a-8006-d8009845c832,EMP-0130,4c8365d9-59ad-569e-be60-27d22f42c0ba,147438f1-333c-58d0-8b03-9bd355453159,Shawn,Kennedy,shawn.kennedy@sentinel.example,Supply Chain Manager,2024-01-17,88514.00,active
a9917010-b214-5440-98c5-100f43c8c7d8,EMP-0131,f9172e95-b6b9-5cf9-80cd-102d8f42fb6d,bd33bd7e-3898-541a-b495-194773beb677,Christopher,Kim,christopher.kim@sentinel.example,FP&A Manager,2023-02-05,112832.00,active
5935a2ab-e820-55bf-a36c-ef0ae035c00e,EMP-0132,214fc2d6-0181-571e-b00a-c5931cea3abf,1db4a92b-a015-5bef-b875-c0931951c17a,Danielle,George,danielle.george@sentinel.example,Account Executive,2025-05-29,147770.00,active
46507fa8-4165-5277-af87-9a8e38f4fa69,EMP-0133,4c8365d9-59ad-569e-be60-27d22f42c0ba,40f977bf-12fb-5fed-a8d0-306d76745eb9,Daniel,Butler,daniel.butler@sentinel.example,Supply Chain Manager,2022-10-12,62357.00,active
4d8a890a-2645-591f-b3b1-f79f797c9811,EMP-0134,2b60784d-019d-5175-b183-3ef66bbbcd36,a43f6f36-6073-58cf-a353-14a49967d3c3,Gregory,Collier,gregory.collier@sentinel.example,Software Engineer,2022-02-08,168222.00,leave
f0886a03-60b2-512c-b3db-7ca89a73954e,EMP-0135,2b60784d-019d-5175-b183-3ef66bbbcd36,5072de10-99a6-5171-85cc-d8e9b0909d75,Jose,Garcia,jose.garcia@sentinel.example,Data Engineer,2021-06-02,171095.00,active
277d616b-e9c4-5284-ad5d-035a99fc317f,EMP-0136,2b60784d-019d-5175-b183-3ef66bbbcd36,a43f6f36-6073-58cf-a353-14a49967d3c3,Jessica,Wilson,jessica.wilson@sentinel.example,Software Engineer,2019-02-26,76384.00,active
3a441458-59e9-58bd-a39b-b02dc5ef98b6,EMP-0137,4c8365d9-59ad-569e-be60-27d22f42c0ba,40f977bf-12fb-5fed-a8d0-306d76745eb9,Eric,Mcdowell,eric.mcdowell@sentinel.example,Operations Analyst,2024-06-07,114249.00,leave
c3ff0a0a-56af-5e1e-8f58-8b1be0ca2eec,EMP-0138,061e4cbf-4b7c-575e-a6ae-c01ecb874583,ad434966-8f70-5881-a489-131c6729a455,Michael,Baker,michael.baker@sentinel.example,Market Analyst,2024-02-13,77726.00,active
c89f3310-b294-5708-aabd-e620adcbcc61,EMP-0139,2b60784d-019d-5175-b183-3ef66bbbcd36,a43f6f36-6073-58cf-a353-14a49967d3c3,David,Freeman,david.freeman@sentinel.example,Software Engineer,2026-02-16,127292.00,active
4723c9bd-8c2d-5b02-b704-02de1ab1c6fe,EMP-0140,4c8365d9-59ad-569e-be60-27d22f42c0ba,e280663b-809e-5818-b0ee-103bb0697533,Casey,Moore,casey.moore@sentinel.example,Supply Chain Manager,2025-12-02,127307.00,active
651eacb8-633a-519f-84a8-bdc47df160f3,EMP-0141,214fc2d6-0181-571e-b00a-c5931cea3abf,1db4a92b-a015-5bef-b875-c0931951c17a,Corey,Brown,corey.brown@sentinel.example,Solutions Consultant,2019-02-09,48166.00,active
5cf8604a-e533-5582-8cb2-a7fc03e9f42e,EMP-0142,4c8365d9-59ad-569e-be60-27d22f42c0ba,147438f1-333c-58d0-8b03-9bd355453159,Brianna,Jensen,brianna.jensen@sentinel.example,Operations Analyst,2020-04-02,170590.00,active
f8e20f9a-c20c-5b8f-b70c-581b07a5edea,EMP-0143,2b60784d-019d-5175-b183-3ef66bbbcd36,5072de10-99a6-5171-85cc-d8e9b0909d75,Jamie,Arroyo,jamie.arroyo@sentinel.example,Data Engineer,2020-06-26,168586.00,active
fa792ace-6f32-5c6f-b273-130e73267255,EMP-0144,2b60784d-019d-5175-b183-3ef66bbbcd36,bdf7146a-3812-5acd-91ef-5082be8572cd,Pamela,Davis,pamela.davis@sentinel.example,Software Engineer,2019-06-08,66238.00,active
3fee3a4f-e763-5cb0-84e5-15577d141e31,EMP-0145,2b60784d-019d-5175-b183-3ef66bbbcd36,5072de10-99a6-5171-85cc-d8e9b0909d75,Elizabeth,Woods,elizabeth.woods@sentinel.example,Platform Architect,2019-11-20,105169.00,active
c799fbe9-b5a9-5245-a554-b9951dc2e039,EMP-0146,2b60784d-019d-5175-b183-3ef66bbbcd36,a43f6f36-6073-58cf-a353-14a49967d3c3,Lisa,Johnson,lisa.johnson@sentinel.example,Platform Architect,2026-05-07,68473.00,active
e702eade-d893-54f4-b0e1-287a55792f41,EMP-0147,4c8365d9-59ad-569e-be60-27d22f42c0ba,e280663b-809e-5818-b0ee-103bb0697533,Christine,Ward,christine.ward@sentinel.example,Supply Chain Manager,2020-11-30,164387.00,active
5beff262-59ed-506b-85d8-fa79b079efd0,EMP-0148,2b60784d-019d-5175-b183-3ef66bbbcd36,bdf7146a-3812-5acd-91ef-5082be8572cd,Alexandra,Smith,alexandra.smith@sentinel.example,Data Engineer,2020-05-08,69817.00,active
3f24970e-8ea4-57ed-8660-e26444c13e5d,EMP-0149,214fc2d6-0181-571e-b00a-c5931cea3abf,e95eb441-8390-5f2a-8300-5c0129b7d7a2,Jason,Miller,jason.miller@sentinel.example,Sales Manager,2025-02-18,170139.00,active
134cf479-d3db-5366-ad26-84eef9693d7c,EMP-0150,2b60784d-019d-5175-b183-3ef66bbbcd36,5072de10-99a6-5171-85cc-d8e9b0909d75,Maria,Strong,maria.strong@sentinel.example,Software Engineer,2025-03-31,106778.00,active
0fe862ad-d2d9-5e37-966e-4a72ba00f571,EMP-0151,2b655cf7-4c5d-5851-ba55-82e7c45d6ed4,e2c71215-a998-57ec-9258-3758729ad0a0,Gregory,Velasquez,gregory.velasquez@sentinel.example,Talent Specialist,2020-12-05,136733.00,active
4b659eba-d5a1-5738-b5c2-b4bc08df3a96,EMP-0152,2b655cf7-4c5d-5851-ba55-82e7c45d6ed4,260a6523-345d-583b-954e-52ac08c04ed0,Shawn,Small,shawn.small@sentinel.example,Talent Specialist,2020-04-23,117342.00,active
41c288ea-d2d9-5ae8-8e37-5c327d0f3bc9,EMP-0153,2b60784d-019d-5175-b183-3ef66bbbcd36,5072de10-99a6-5171-85cc-d8e9b0909d75,Laura,Cortez,laura.cortez@sentinel.example,Software Engineer,2024-03-21,141577.00,active
32ef3390-0fd6-50df-bef0-51fda3e1bbfe,EMP-0154,061e4cbf-4b7c-575e-a6ae-c01ecb874583,87219e3f-c4ef-5e76-bc18-6f70e99c48ea,Tiffany,Ward,tiffany.ward@sentinel.example,Growth Manager,2024-07-23,77599.00,active
b43c8f02-1dcb-5f9d-af05-30c6c2153bd3,EMP-0155,214fc2d6-0181-571e-b00a-c5931cea3abf,e95eb441-8390-5f2a-8300-5c0129b7d7a2,Charlotte,Jones,charlotte.jones@sentinel.example,Sales Manager,2020-08-25,170147.00,active
d583c679-cc80-5a9e-87af-dfe62a8ca9ea,EMP-0156,4c8365d9-59ad-569e-be60-27d22f42c0ba,e280663b-809e-5818-b0ee-103bb0697533,Brian,Woods,brian.woods@sentinel.example,Supply Chain Manager,2020-07-08,88437.00,active
784af00b-cd05-542c-aa75-0da541858b6a,EMP-0157,061e4cbf-4b7c-575e-a6ae-c01ecb874583,2615f376-1faa-5e48-9dd4-c1e43700d30c,Amber,Jackson,amber.jackson@sentinel.example,Growth Manager,2020-02-07,170044.00,active
6bbb6f85-cc6a-5c4b-aba3-429871d3caa1,EMP-0158,f9172e95-b6b9-5cf9-80cd-102d8f42fb6d,325beaf5-ac3f-5db5-ad2c-6bddf7df8ee2,Alyssa,Ross,alyssa.ross@sentinel.example,Financial Analyst,2022-02-07,84515.00,active
dc883f2f-eb02-53a1-90cb-467dbf6ff455,EMP-0159,214fc2d6-0181-571e-b00a-c5931cea3abf,e95eb441-8390-5f2a-8300-5c0129b7d7a2,Melissa,Anderson,melissa.anderson@sentinel.example,Sales Manager,2020-06-06,51745.00,active
d1d43115-96f8-53a1-bad2-7d9446d8e118,EMP-0160,214fc2d6-0181-571e-b00a-c5931cea3abf,720c7389-880e-5928-a765-7ad18e1dd3c3,Laura,Miller,laura.miller@sentinel.example,Sales Manager,2026-05-13,161329.00,active
118ee768-2257-5fc9-80c7-fc0361eca54b,EMP-0161,214fc2d6-0181-571e-b00a-c5931cea3abf,e95eb441-8390-5f2a-8300-5c0129b7d7a2,Alicia,Castillo,alicia.castillo@sentinel.example,Sales Manager,2025-07-10,116021.00,active
901c5364-4b56-56d8-950a-05439a2a7bb1,EMP-0162,f9172e95-b6b9-5cf9-80cd-102d8f42fb6d,2a90f8e4-a9b1-5562-bab0-9438db96571f,John,Bonilla,john.bonilla@sentinel.example,FP&A Manager,2022-07-24,131678.00,active
aa3d642f-b197-58e7-9b75-941b7e5fcdd0,EMP-0163,4c8365d9-59ad-569e-be60-27d22f42c0ba,e280663b-809e-5818-b0ee-103bb0697533,Antonio,Carter,antonio.carter@sentinel.example,Supply Chain Manager,2023-01-12,156535.00,active
bb8c4df1-f93d-5ad4-825d-eb9acb80fd84,EMP-0164,f9172e95-b6b9-5cf9-80cd-102d8f42fb6d,bd33bd7e-3898-541a-b495-194773beb677,Kara,Simpson,kara.simpson@sentinel.example,Financial Analyst,2026-05-16,75418.00,active
60616d64-bde6-5323-8231-8cacb3eaa96d,EMP-0165,214fc2d6-0181-571e-b00a-c5931cea3abf,720c7389-880e-5928-a765-7ad18e1dd3c3,Jeremy,Stephens,jeremy.stephens@sentinel.example,Account Executive,2023-06-01,153383.00,active
6b5feb5d-ef37-55d7-96ea-93eb713ebe93,EMP-0166,2b60784d-019d-5175-b183-3ef66bbbcd36,5072de10-99a6-5171-85cc-d8e9b0909d75,Shari,Jackson,shari.jackson@sentinel.example,Platform Architect,2020-04-30,109686.00,active
113cd4ad-991e-5b3e-884a-1e169847c916,EMP-0167,214fc2d6-0181-571e-b00a-c5931cea3abf,720c7389-880e-5928-a765-7ad18e1dd3c3,Laura,Cooper,laura.cooper@sentinel.example,Account Executive,2020-09-19,74273.00,active
f7b726d6-d8b2-53bd-977c-4a572be5deb2,EMP-0168,214fc2d6-0181-571e-b00a-c5931cea3abf,e95eb441-8390-5f2a-8300-5c0129b7d7a2,Tammy,Cross,tammy.cross@sentinel.example,Account Executive,2024-04-15,66339.00,active
f1511ed8-40f6-544e-a21d-9ab52d3f1a34,EMP-0169,214fc2d6-0181-571e-b00a-c5931cea3abf,1db4a92b-a015-5bef-b875-c0931951c17a,James,Schmidt,james.schmidt@sentinel.example,Sales Manager,2022-08-31,149915.00,active
81025357-3bf6-585b-9aa0-bb5abbb75b9a,EMP-0170,f9172e95-b6b9-5cf9-80cd-102d8f42fb6d,325beaf5-ac3f-5db5-ad2c-6bddf7df8ee2,Sandra,Walter,sandra.walter@sentinel.example,Accountant,2023-10-05,137282.00,active
dda54b4d-c371-50bc-b4ab-9038474a85c2,EMP-0171,2b60784d-019d-5175-b183-3ef66bbbcd36,a43f6f36-6073-58cf-a353-14a49967d3c3,Heidi,Hart,heidi.hart@sentinel.example,Software Engineer,2025-10-22,108484.00,active
576d59ca-e029-534d-a2fc-2c388b2c3837,EMP-0172,bbad392a-eb16-5a88-8b1d-71776f11346e,b52ce1d4-6469-5a26-9909-ab8fb46083e5,Mark,Hall,mark.hall@sentinel.example,Support Specialist,2020-12-14,57066.00,active
cf655776-3aba-5b45-86fb-c31660edfbbd,EMP-0173,4c8365d9-59ad-569e-be60-27d22f42c0ba,40f977bf-12fb-5fed-a8d0-306d76745eb9,Sheila,Smith,sheila.smith@sentinel.example,Supply Chain Manager,2020-04-12,70575.00,active
4e16500b-92af-57a3-9481-1ea6a3bb3c1c,EMP-0174,2b60784d-019d-5175-b183-3ef66bbbcd36,a43f6f36-6073-58cf-a353-14a49967d3c3,Joseph,Garcia,joseph.garcia@sentinel.example,Data Engineer,2021-11-16,83162.00,active
91c0faf6-97a7-5f46-801f-ae3c9e8e892c,EMP-0175,2b60784d-019d-5175-b183-3ef66bbbcd36,a43f6f36-6073-58cf-a353-14a49967d3c3,Jeremy,Wilcox,jeremy.wilcox@sentinel.example,Software Engineer,2024-07-01,132839.00,active
4d818b9a-9901-57d6-9735-cfbcc3e72c9a,EMP-0176,f9172e95-b6b9-5cf9-80cd-102d8f42fb6d,bd33bd7e-3898-541a-b495-194773beb677,Katie,Lawson,katie.lawson@sentinel.example,Financial Analyst,2023-11-27,128456.00,active
8b8ac295-ff38-552a-a208-339acee0cbf8,EMP-0177,214fc2d6-0181-571e-b00a-c5931cea3abf,e95eb441-8390-5f2a-8300-5c0129b7d7a2,Ann,Joseph,ann.joseph@sentinel.example,Solutions Consultant,2025-06-27,117348.00,active
f282c936-ead3-522e-b59f-a09354eebec3,EMP-0178,4c8365d9-59ad-569e-be60-27d22f42c0ba,40f977bf-12fb-5fed-a8d0-306d76745eb9,Christopher,Reid,christopher.reid@sentinel.example,Operations Analyst,2021-02-03,49720.00,leave
099bba10-e4ae-57b4-98d9-2c40bc3dcd9c,EMP-0179,f9172e95-b6b9-5cf9-80cd-102d8f42fb6d,bd33bd7e-3898-541a-b495-194773beb677,Nicole,Smith,nicole.smith@sentinel.example,Financial Analyst,2020-07-22,121157.00,active
d6c5842b-b70d-5897-8b57-947e5ff2f3a3,EMP-0180,214fc2d6-0181-571e-b00a-c5931cea3abf,e95eb441-8390-5f2a-8300-5c0129b7d7a2,Christopher,Green,christopher.green@sentinel.example,Sales Manager,2025-11-15,166387.00,active
8e4680f3-a5bf-53b3-b7f1-4a1bd6577998,EMP-0181,2b60784d-019d-5175-b183-3ef66bbbcd36,5072de10-99a6-5171-85cc-d8e9b0909d75,Cathy,Mckay,cathy.mckay@sentinel.example,Data Engineer,2023-07-23,94594.00,active
2b759d90-7b09-5083-9e95-902d00786339,EMP-0182,2b60784d-019d-5175-b183-3ef66bbbcd36,5072de10-99a6-5171-85cc-d8e9b0909d75,Jessica,Mullins,jessica.mullins@sentinel.example,Data Engineer,2022-07-14,102421.00,active
c543ba99-abf6-5dd7-abec-cd535408cb97,EMP-0183,061e4cbf-4b7c-575e-a6ae-c01ecb874583,87219e3f-c4ef-5e76-bc18-6f70e99c48ea,Sharon,Evans,sharon.evans@sentinel.example,Market Analyst,2020-06-02,98757.00,active
e62d5f0a-327b-5f65-805e-ee6844ae7892,EMP-0184,f9172e95-b6b9-5cf9-80cd-102d8f42fb6d,2a90f8e4-a9b1-5562-bab0-9438db96571f,Kristina,Salas,kristina.salas@sentinel.example,Financial Analyst,2025-07-09,165402.00,active
88cd8c72-dc05-539a-9718-77c505c3f6c0,EMP-0185,2b60784d-019d-5175-b183-3ef66bbbcd36,5072de10-99a6-5171-85cc-d8e9b0909d75,Rachel,White,rachel.white@sentinel.example,Platform Architect,2018-08-07,105311.00,active
6bc9426c-d3b5-5ef6-aa95-6ae25a9c6ff3,EMP-0186,2b60784d-019d-5175-b183-3ef66bbbcd36,5072de10-99a6-5171-85cc-d8e9b0909d75,Debra,Young,debra.young@sentinel.example,Platform Architect,2019-12-15,155611.00,active
2d88bbd0-24c0-56bf-b5cc-5c4271ebcb71,EMP-0187,2b655cf7-4c5d-5851-ba55-82e7c45d6ed4,e2c71215-a998-57ec-9258-3758729ad0a0,James,Duran,james.duran@sentinel.example,People Partner,2021-10-31,120912.00,active
8af54aab-0ef0-5b6b-ab76-124eded2c079,EMP-0188,2b60784d-019d-5175-b183-3ef66bbbcd36,a43f6f36-6073-58cf-a353-14a49967d3c3,Jennifer,Miller,jennifer.miller@sentinel.example,Platform Architect,2020-11-13,61788.00,active
97be513d-031c-5cfa-8e95-37aceeeeb3ad,EMP-0189,2b60784d-019d-5175-b183-3ef66bbbcd36,a43f6f36-6073-58cf-a353-14a49967d3c3,Sarah,Rocha,sarah.rocha@sentinel.example,Data Engineer,2019-12-22,131800.00,active
c7b1a941-8741-5584-94d8-3bb2fc4b12bb,EMP-0190,2b60784d-019d-5175-b183-3ef66bbbcd36,5072de10-99a6-5171-85cc-d8e9b0909d75,Brenda,Salinas,brenda.salinas@sentinel.example,Platform Architect,2024-03-21,93852.00,active
b268befc-adb1-5879-8c9d-4e20fc3a1ff8,EMP-0191,2b60784d-019d-5175-b183-3ef66bbbcd36,5072de10-99a6-5171-85cc-d8e9b0909d75,Kristin,Robertson,kristin.robertson@sentinel.example,Software Engineer,2021-02-21,131212.00,active
fd659cc7-d19a-5f3d-a333-fb2e6ff66f6a,EMP-0192,2b60784d-019d-5175-b183-3ef66bbbcd36,a43f6f36-6073-58cf-a353-14a49967d3c3,Samuel,Wilson,samuel.wilson@sentinel.example,Software Engineer,2022-06-21,159467.00,active
bf38f37f-be01-569b-8c8e-2e5709da8015,EMP-0193,2b60784d-019d-5175-b183-3ef66bbbcd36,bdf7146a-3812-5acd-91ef-5082be8572cd,Rose,Jones,rose.jones@sentinel.example,Software Engineer,2021-04-03,90000.00,active
fb2efb56-40d2-5be2-871e-15c7386fc9c5,EMP-0194,f9172e95-b6b9-5cf9-80cd-102d8f42fb6d,2a90f8e4-a9b1-5562-bab0-9438db96571f,Tara,Dennis,tara.dennis@sentinel.example,Accountant,2022-12-21,89277.00,active
18ea484e-4186-510c-bbf7-f38bd9a2c737,EMP-0195,2b60784d-019d-5175-b183-3ef66bbbcd36,a43f6f36-6073-58cf-a353-14a49967d3c3,Jason,Jensen,jason.jensen@sentinel.example,Data Engineer,2018-12-16,58077.00,active
bde638ea-23a2-54fc-8890-9857037494c8,EMP-0196,061e4cbf-4b7c-575e-a6ae-c01ecb874583,2615f376-1faa-5e48-9dd4-c1e43700d30c,Robert,Curry,robert.curry@sentinel.example,Market Analyst,2018-12-15,131011.00,active
4ec6fcf8-2c66-50ec-8ac5-64a12c7bed4b,EMP-0197,2b60784d-019d-5175-b183-3ef66bbbcd36,a43f6f36-6073-58cf-a353-14a49967d3c3,Carl,Gonzalez,carl.gonzalez@sentinel.example,Data Engineer,2020-09-19,173438.00,active
e0f2505c-fc5b-5345-8ebb-7cf3fa778973,EMP-0198,bbad392a-eb16-5a88-8b1d-71776f11346e,864956dc-d3a3-5b04-8bc5-799893f07e26,Roberta,Curtis,roberta.curtis@sentinel.example,Support Specialist,2026-01-05,120697.00,active
7829a564-d03a-5f98-a5cf-6eae74b4e2f1,EMP-0199,2b655cf7-4c5d-5851-ba55-82e7c45d6ed4,0b91e08e-43ed-5f2a-8406-e11f257d45df,Angela,Gordon,angela.gordon@sentinel.example,Talent Specialist,2021-06-25,61897.00,active
37859317-2dbb-5c62-97d3-49217bdf045c,EMP-0200,214fc2d6-0181-571e-b00a-c5931cea3abf,720c7389-880e-5928-a765-7ad18e1dd3c3,Scott,Good,scott.good@sentinel.example,Account Executive,2023-10-25,95809.00,active
