id,stock_id,movement_type,quantity,reference,occurred_at
adaaa217-f48e-5add-bbb8-428cc5097803,01ec3b65-571c-59b1-8131-47177ff126a4,adjustment,21,MOV-01-0001,2025-12-02T20:17:08+00:00
59cc72e7-15cf-5bc2-bcf5-528acb3782d4,8d53b3fa-1012-5d94-a309-2052ea2478f1,receipt,-4,MOV-01-0004,2025-11-02T18:54:26+00:00
d501c2fc-7ebc-560c-9958-9cce7ea386ac,e5b818c0-5aca-5740-912b-6e2c99b9c384,sale,2,MOV-01-0008,2025-12-09T23:15:24+00:00
acfbe219-e91a-5ca1-95a9-f626ea27174a,5d3b721a-9c69-5281-961b-b882cfb38d61,sale,20,MOV-01-0009,2026-04-04T22:02:52+00:00
f87669b1-4d7b-5721-b364-b62592206c7e,4ac3887f-6d46-5452-b374-ec95bef9dde7,sale,-23,MOV-01-0012,2025-08-07T12:33:21+00:00
5e33cf6e-0389-5e83-a8c2-d2146f94ddef,928af0b9-af9b-558b-8ddf-dff982c52d4d,receipt,-30,MOV-01-0013,2025-08-30T12:10:43+00:00
13b58a75-b15e-5791-a048-f592947830d8,1a5fd313-ceed-58a7-9ddf-b806153b666f,sale,9,MOV-01-0015,2026-06-03T08:53:38+00:00
310d83dc-b56b-5352-b410-73bf000af61c,20d374ed-0284-5414-b284-67bab07dc8bb,sale,14,MOV-01-0017,2025-08-11T18:44:22+00:00
20aba200-769d-5368-8bfd-926d1cf10b20,216d9731-e513-5a8f-80c2-f4bfd3da1a71,transfer,6,MOV-01-0022,2025-12-22T00:47:07+00:00
fad8a66d-9045-5b3c-943f-9a8116d7049b,843459b4-3324-5bca-8bba-2292ae1e086c,sale,28,MOV-01-0025,2026-07-25T20:28:29+00:00
eb747805-e28e-5bd7-8126-c34d2672a921,03205701-31fb-5458-903e-ab9d03748214,sale,-28,MOV-01-0031,2025-12-19T10:46:20+00:00
49a7febf-7737-500b-b3d0-f8595a28ca61,745e8e1e-2867-582c-abec-df9d75eca44f,receipt,26,MOV-01-0037,2025-11-25T06:48:01+00:00
621430e7-8491-5102-9c37-8436a7388865,354c7f75-2075-5119-929a-5f9cb3aefd86,adjustment,4,MOV-01-0038,2025-10-23T18:52:36+00:00
9704ea2a-6b8d-54b5-8876-d8ad482a90c6,2b9e7acf-937d-5a29-aecd-95938ef8551a,adjustment,-25,MOV-01-0047,2025-11-09T16:29:03+00:00
d2981ed2-e520-5808-b0a8-32bbf8c940de,d1badab2-68fa-5168-b61a-07488be5ac6a,receipt,-10,MOV-01-0048,2025-11-16T09:48:18+00:00
268f5291-9cb9-5ec8-be08-78e95e7430a2,1f142fff-4e53-598d-bc24-27f2b7d20e85,sale,-10,MOV-01-0052,2025-10-28T17:20:14+00:00
9ca7efa4-a3cf-5625-baeb-7128f3e0ede3,49d5ffe2-2c52-51fc-a4a6-c322c255f4fc,receipt,-30,MOV-01-0054,2025-10-19T21:05:26+00:00
c75d41f5-c3b3-5c81-a12f-7a92d5ec283f,b7bee55e-e3e1-5461-b5d1-ec4589cccfd5,transfer,16,MOV-01-0056,2026-02-19T16:00:59+00:00
70442e54-ddb4-5a4e-8770-8fbfb9b5a250,5120c6a4-c0fb-5568-893c-3a8250eb51af,sale,2,MOV-01-0060,2025-09-12T04:46:13+00:00
af6289de-31f8-5b5a-87b3-7e0deb5b2949,c68e2909-cf37-583f-8d2f-814c3057b291,receipt,29,MOV-01-0066,2026-01-05T00:01:59+00:00
2065118e-85e5-5caf-b456-68dd86d08e85,27eac209-0c78-5ea0-b528-26c45e544237,sale,-23,MOV-01-0069,2025-09-12T20:25:20+00:00
6999fd7e-bb68-5c76-ac0c-f2b021cb3e2e,bb2d68ac-0ec3-56b6-9513-7cda77c2283b,sale,-25,MOV-01-0072,2026-05-30T21:22:53+00:00
64aa6438-d55b-5def-be91-3a13b304a771,8194f589-38c2-535d-90d4-c15abf23094d,receipt,-20,MOV-01-0082,2026-02-08T17:31:18+00:00
a7bfeb48-6420-5433-8f75-ed1f890df718,88a42154-88a9-5e79-9f98-58dca2dbe341,sale,19,MOV-01-0091,2025-09-17T10:29:36+00:00
8bf47da4-b0ea-581a-bc46-8e513b1d616e,fae17d7a-5128-526d-9da8-17ef820b723d,sale,-28,MOV-01-0092,2026-01-06T12:13:57+00:00
66ad2f38-2de6-5508-afcf-d78777647559,ca959d40-2533-5fc6-aa96-d3e305056dfb,receipt,-3,MOV-01-0094,2026-01-25T18:54:35+00:00
c9049c09-77f9-5f4c-a158-69067afdf635,25960397-f4fa-513b-a6b2-1141437722fd,transfer,-21,MOV-01-0096,2026-06-16T20:18:54+00:00
2eda2f76-360f-5951-b71f-b480e1bb8ff9,82e736ef-f239-5e85-90c1-7af13707ccb6,sale,12,MOV-01-0097,2025-10-01T19:10:09+00:00
b806fd53-f55a-5b39-bd5f-9736e4cee28e,b2af5d87-2105-5091-89e9-5d816d81040b,sale,10,MOV-01-0098,2025-11-12T12:38:53+00:00
bb969e3a-c56b-5078-a3fb-e4bbce816eb3,db784206-b1f1-5fa8-ab40-1b20e9fd9652,transfer,6,MOV-01-0100,2026-06-06T14:56:34+00:00
77ba2097-a0e5-5e22-8184-d47f6b999013,8a7fa7e8-0109-5857-9b44-f6919f76e136,receipt,17,MOV-02-0014,2025-10-21T10:49:55+00:00
98787c5b-5a9f-53a1-8709-9836298ef2b4,0447d159-cd68-597a-a392-df103149f1c4,transfer,-5,MOV-02-0016,2026-03-18T05:05:36+00:00
8b226565-e091-5f74-94e5-7f035ba1c5fc,4cd7e96a-b18c-52ee-875b-b2bab7ef67da,transfer,22,MOV-02-0021,2025-10-11T15:29:38+00:00
1a0d7a1d-765d-51f6-a874-65e3cd902029,3e56f5df-1b38-5d54-9464-bfe7c50f9bb3,transfer,-13,MOV-02-0023,2026-07-11T11:36:56+00:00
5a5c5171-2f68-506f-9cb8-a7cc63e18c2d,57239363-d9a4-5c8a-b1a7-01414d37ec97,sale,-15,MOV-02-0024,2025-08-28T09:07:34+00:00
295008c5-5f22-5e5b-8b09-a10095fc1846,79e852b0-2706-5d6d-9998-a4ac1985439e,sale,-4,MOV-02-0025,2025-12-28T02:24:39+00:00
4e3971ff-a45c-5f88-af9c-2452afc96471,bc6c8d74-d84d-5be8-a29d-699edb4a80ef,receipt,-17,MOV-02-0029,2026-04-27T19:40:28+00:00
3c4e39a2-a9f8-5803-afa3-e59ce9ccb8fc,26553949-390a-53e0-a7be-058b2e6a31cd,sale,-3,MOV-02-0032,2026-01-07T15:25:58+00:00
498387ec-6e31-504f-8700-81ca5c0e0354,a0a86618-acab-5d7b-aef0-b0608177a54c,receipt,-6,MOV-02-0035,2025-10-19T10:42:39+00:00
fd8764aa-4922-54b6-b9c5-a7c8711be5b4,7afe6ace-69f7-5670-9a97-6387cad6f240,adjustment,5,MOV-02-0043,2025-08-13T04:25:09+00:00
e5bdf786-3135-5434-8cd2-0fbfabfa8c22,76291bf7-400a-5a44-bd0c-abee3d6e5b13,transfer,-5,MOV-02-0048,2025-12-23T00:53:41+00:00
492afbba-5512-56cd-9b4d-eb65bda208b7,951a0723-cd25-5e82-9547-00b141648803,adjustment,-28,MOV-02-0054,2026-06-11T19:53:40+00:00
e82394e0-87cb-5623-bfe2-45b93ada726b,2e17e2c4-e11b-53a7-a715-b4bc9926123b,adjustment,24,MOV-02-0055,2026-02-14T23:37:36+00:00
81123928-201f-5479-99f5-7a6a0c06aeac,19c27e99-446c-5e2f-b56c-0dcf88cad04d,sale,-17,MOV-02-0058,2026-02-11T02:42:55+00:00
84824dfd-d285-5e57-a7af-1bd258dbb2e8,9ec78531-ff5b-5637-ab4d-82dc4ceffd3b,adjustment,-16,MOV-02-0061,2026-06-22T01:02:49+00:00
a68a01c6-aa7e-5320-b91a-f6a46802362e,a79aabcd-81b3-5a24-b8e5-670fdd863d67,transfer,-3,MOV-02-0063,2025-08-24T19:27:46+00:00
6c29eb67-ff65-532e-a9af-41b4b61cbcbe,651654c8-069c-53f0-86ee-5cc7e6504585,receipt,26,MOV-02-0064,2025-11-03T16:20:36+00:00
35a876f1-f6cb-591c-9156-2f2060c42b16,8e252b7f-593c-5066-ab95-5677d866fc96,sale,5,MOV-02-0068,2026-07-07T14:49:00+00:00
ef8f5bc3-c904-5a2d-aab9-5eda904e7704,68868c65-65f5-5320-a4dd-a037102ce763,adjustment,15,MOV-02-0075,2025-08-20T21:03:11+00:00
6f27f470-0c0e-5de5-8290-62550262ad13,7e76c0a3-ddda-561a-9273-342531ba45bb,adjustment,-1,MOV-02-0079,2026-04-05T07:06:51+00:00
fc37db72-63d3-516a-8c07-249b6cc4816a,5304f401-33a9-5a83-b0e9-9528a5c36452,transfer,-9,MOV-02-0081,2025-10-14T19:20:06+00:00
48f35cfe-9483-57fd-9d4f-03f5ff4d8faa,ce85db65-8c9e-5b10-9005-29293b0c8e4d,transfer,4,MOV-02-0088,2026-03-16T11:11:05+00:00
288bb9c4-ec10-5da4-a072-b0fd1fec6ae2,7132eef4-deb2-5ef8-a8e6-ca4a88e146c6,adjustment,12,MOV-02-0091,2026-03-14T14:25:46+00:00
9cabe04d-a34c-5698-a754-538f7c0b756c,497df8cc-5124-5235-84c2-92fedb224ff7,sale,21,MOV-02-0095,2026-01-21T20:39:35+00:00
6a504269-39e8-51c9-a78a-61baee4ada98,226949ee-3493-50d4-9703-6050318399b0,receipt,-28,MOV-02-0097,2026-05-31T17:38:38+00:00
8d308fce-1441-5685-bfba-bf3013eecb4e,ab4d5f9e-85c2-5617-8271-c55c21be598c,sale,-8,MOV-03-0001,2025-09-29T10:06:37+00:00
7caa5134-cd7f-58c0-b872-68ee09a7d3bb,66d89cb8-ccaa-5a8d-903f-a7ac8c208c4a,receipt,-28,MOV-03-0002,2025-09-21T06:47:37+00:00
dbd82249-6847-5c33-a377-da5894e82c6a,e1915041-a5b0-5ce4-8957-8a1fe1ff8229,transfer,8,MOV-03-0003,2025-10-07T12:33:47+00:00
bb3e6bdf-2f28-5927-b338-365f7e93e7ae,83520bbb-dfd3-5111-b4c6-4ca6840d2625,transfer,-16,MOV-03-0008,2026-07-12T03:46:54+00:00
e6801025-ea96-557d-bec2-575e417cf505,135936f3-d904-531e-8c32-f6b43b67f4cb,receipt,-22,MOV-03-0013,2026-03-26T04:41:42+00:00
5384159c-e3e1-5843-90e2-68183eed7fc3,386ea750-f256-5ab3-9f63-796b15a5d6b1,receipt,-20,MOV-03-0014,2025-12-28T00:09:43+00:00
534faf40-59fd-5b45-ad34-9ba2a3a53804,39a7d265-b7f9-511c-b2ba-a5223a028cd1,adjustment,6,MOV-03-0017,2025-11-08T21:11:11+00:00
c40bb86f-a33e-56b5-bcdb-170cfe146046,9370b72a-14de-57f5-aedb-4cd60574228b,adjustment,-24,MOV-03-0019,2025-08-14T08:28:45+00:00
8a18bb96-1019-54c6-a805-846394b0ec9e,e6674b93-4477-526d-88a0-4a103c825053,sale,-7,MOV-03-0022,2026-06-30T08:15:13+00:00
781c56ca-0ea6-59f7-8cea-857ea1aa18ef,16b44ee7-3293-51b7-aed8-951692760df2,transfer,-6,MOV-03-0025,2026-08-01T12:34:16+00:00
f6576af1-c490-5f90-91c4-01d01fc427df,cc8457a6-1972-50c0-bf18-8908b8bca385,transfer,-14,MOV-03-0026,2025-09-17T02:47:20+00:00
ae138364-fa49-5c16-9ead-661ef5f772c4,1b52013c-36ce-58b1-b119-ea107b23243f,adjustment,1,MOV-03-0028,2026-03-20T09:41:58+00:00
bfb19c00-d14d-5950-9d4b-2c4fdb66c257,87d499de-8be8-5be2-b70b-faf2ce74f151,sale,20,MOV-03-0030,2025-08-28T08:19:02+00:00
a5ba4564-d9f3-57eb-833f-ad2115cbc71d,12e04f89-15f9-5784-ab0b-9241d83374d3,adjustment,-28,MOV-03-0035,2026-03-02T03:29:11+00:00
a2533fd9-74a1-5961-a26f-bb1555c17eb4,bc881279-b6db-5620-ab2f-f24a623c872a,receipt,-19,MOV-03-0036,2026-01-15T10:14:25+00:00
26ec5741-15ca-58c4-bb27-1671c5ba8ed5,de580989-3336-53d3-955a-d3a4805d318d,adjustment,-8,MOV-03-0039,2025-11-30T08:16:36+00:00
142579f8-9378-5a9e-859e-03c46747b93c,8f1410a6-923a-519f-9183-0499e575eca5,sale,-14,MOV-03-0040,2026-07-10T05:49:11+00:00
227f991d-7467-5a61-8d5a-ee582ebe35b4,ff4a342e-309d-5f75-b884-aacf36154275,transfer,-1,MOV-03-0046,2026-06-26T06:37:40+00:00
93a81153-31aa-5dce-aaba-7c5cd90b5ed5,1ea68cea-b7aa-5930-baab-8ce3f25c4571,transfer,-12,MOV-03-0050,2026-06-28T15:02:18+00:00
cc39fc58-3ace-5dba-9a2c-eab533c2c672,3cf5ee0c-35d3-5390-ad31-4608c376e41e,sale,13,MOV-03-0054,2025-10-31T03:10:12+00:00
11257a9b-4cd6-5562-b6b9-5ad16ea7c388,9f3576bc-75b0-5d3b-b8d1-147698832066,receipt,2,MOV-03-0069,2025-11-24T05:51:09+00:00
3ed1e5e4-df18-50fc-9d9c-e6c142bb17e1,19f6df47-21ce-59c1-9e4d-40edf077f589,adjustment,5,MOV-03-0072,2025-10-28T01:52:59+00:00
df5d3587-33ae-5211-b770-2cda9a4d69b2,a30321cc-9413-55ad-bdac-7237638b951b,adjustment,-1,MOV-03-0073,2025-09-05T17:42:49+00:00
4fc5e64a-5ce3-51a5-ad4e-96403f0869a0,07ebb60e-f008-5e14-905d-77319ba02ee2,adjustment,-10,MOV-03-0074,2025-09-18T22:13:37+00:00
2e9fc469-bb2d-57fc-8997-2f47b5dde114,1ff9302f-aac0-539d-9d21-f00bfbf01e0d,sale,-22,MOV-03-0075,2026-03-01T21:57:48+00:00
dee81634-79e1-552f-a02e-7819c1fec7ce,16df2a59-3487-58cb-9ca1-6585592c8582,sale,14,MOV-03-0077,2026-08-01T17:45:22+00:00
9a0d8953-1830-5d3a-ac9f-443d5b9dd5d3,7c09d9bb-c4cd-5e5b-b802-663ebdbbe11c,receipt,-3,MOV-03-0079,2026-03-24T06:47:32+00:00
2c956b2a-479c-53cb-8c78-cdc409f0b81c,71e8716c-3c9d-526e-8ed3-b10ab30dbc4b,transfer,18,MOV-03-0084,2026-03-11T04:33:21+00:00
07af6a4e-943b-5ebe-b6a1-22ced239af2d,ef5785e0-21c4-511a-b2b4-dd23ee6fc454,transfer,10,MOV-03-0091,2025-12-30T04:16:16+00:00
48a96c71-4d90-5784-8da6-04c57ff2dc06,995f3b14-b9f7-558b-af63-2a706295fce5,transfer,18,MOV-03-0093,2025-10-16T00:37:52+00:00
b59b19de-c099-56c1-90df-09a3255ecf8b,af2d0819-1411-5f31-a443-53d25c7fee32,receipt,-23,MOV-03-0097,2026-02-08T20:14:36+00:00
4bf1dcd4-c54f-5527-9ce3-c5c6d1229c47,5dbe51fb-382f-5384-80e8-4876cd44f84c,adjustment,-26,MOV-04-0007,2025-08-28T02:34:09+00:00
c8c489dd-b49a-5ce6-9a73-fdd5bc58932a,0a88c383-2d4d-502a-a474-8e39b787bb02,receipt,15,MOV-04-0009,2025-10-14T09:05:43+00:00
865db02f-c7d2-5e71-986f-4bd55c65c590,41a9e79f-dcdb-5348-824d-0caf1e13856b,transfer,6,MOV-04-0011,2026-02-06T03:11:01+00:00
1654fdd4-18e1-5b4f-9b43-ea138dad813c,cad6b1e4-df0d-58f6-b64d-2d1feac5408a,transfer,-26,MOV-04-0013,2025-10-17T14:02:56+00:00
6b25aa3e-cb32-554a-826b-779deef19531,140c2c6e-b721-5fde-809e-5c6bd44e6988,sale,23,MOV-04-0014,2026-01-02T23:02:14+00:00
a5b43012-e5c9-55ed-81b5-5d78543b1e3b,73283314-b6a0-51c2-a484-40d8bc34f58d,sale,-10,MOV-04-0016,2025-12-25T08:27:37+00:00
1b5b34a5-3943-5e00-a0e2-524a360c0733,6a919425-e5ca-5704-b105-f0a4d41bcf92,receipt,-8,MOV-04-0017,2025-12-06T15:42:10+00:00
c846cbea-72b8-5cf7-87bf-265799e889cb,eaec9730-5d8a-5eba-b5ee-e50fd372d0ad,receipt,17,MOV-04-0019,2025-08-14T06:07:43+00:00
d5d1e910-e048-5cd7-b295-0caddab580e1,fab698b4-fc13-5ebc-a439-2b89563b760b,sale,28,MOV-04-0023,2026-06-10T21:27:49+00:00
4ba38d89-76d4-5eda-9b43-b1331a208781,2fde270b-ac53-5de2-9990-2fa40242ae24,adjustment,-26,MOV-04-0026,2025-11-23T16:53:19+00:00
3e696804-5375-5375-81f2-4c827df089ce,cfbe1f75-458e-5e4a-9c4e-aae3526413bb,sale,-22,MOV-04-0031,2025-11-06T11:36:49+00:00
6860bb0b-b600-560e-abc3-efd5d5d8f09a,cbdba793-9594-54ed-9139-c90d706c5b7d,transfer,-27,MOV-04-0032,2026-03-24T19:20:09+00:00
4ede4890-0808-5885-997e-7b632e74878b,4f4b43ba-80e1-5e06-a59a-ed5b96f1fbaa,sale,-21,MOV-04-0034,2025-09-23T00:32:33+00:00
746d9279-e53f-51ca-bef2-dac29ba37f8c,d85b472d-535e-578a-9fe1-dced76a7d9c8,adjustment,-2,MOV-04-0036,2025-09-30T01:23:48+00:00
7bcecb03-9e50-5730-adfa-23792a527292,09ee96e9-b438-50a0-b073-c275b4dba086,transfer,9,MOV-04-0044,2026-01-06T22:46:13+00:00
00a659db-8d5d-5664-8199-33083cc43605,699bd57f-8186-5d0a-b55a-601e332d36f1,adjustment,-4,MOV-04-0046,2026-03-23T20:48:14+00:00
c10a69b1-91b4-53d3-ac40-e73a9c60a995,5364a49c-08d8-597f-a6c7-26fd12a556e0,transfer,29,MOV-04-0051,2025-09-13T08:28:55+00:00
8d446b86-3a2a-5966-b172-e3d2ead5d696,31b22e25-29c9-53b3-84fd-a33c95f782a4,transfer,5,MOV-04-0052,2025-12-21T19:33:47+00:00
0cccb960-c772-593d-ade7-cf82bac8cc82,daecc339-1a40-57af-8b3c-a882a0be6384,receipt,5,MOV-04-0053,2026-01-21T00:08:30+00:00
4325426b-085d-5c08-ab28-4258cf3612c0,17bc5251-620d-5e44-bef0-23b28c8cb198,adjustment,21,MOV-04-0057,2025-08-19T23:40:39+00:00
9cbf52c1-4942-5601-9bf7-96fb8e22259a,b1a6231b-8780-5f04-95ed-0662e2139973,sale,-21,MOV-04-0058,2026-04-20T11:08:43+00:00
8fa285ce-6801-55ac-9903-0e58056a3e1e,1632b8ce-d39c-5eff-8e83-382dc8e52bdd,transfer,-19,MOV-04-0061,2026-06-30T12:52:23+00:00
ac65481f-5ed5-5c4d-96e3-43cad590055c,9ca9e660-780f-5629-8bfd-94bae8cd6139,transfer,-29,MOV-04-0065,2025-08-13T04:44:41+00:00
218ca431-b4e2-5b24-a486-4873af989615,6c9c1178-dd6c-55ea-84ce-e688b9dfd409,sale,29,MOV-04-0067,2025-11-15T00:46:28+00:00
2defee8d-95a0-5dd5-ad71-1fcae471299a,d5d1f257-994b-578d-86d5-0d0e6d54b96f,transfer,21,MOV-04-0074,2025-09-23T08:20:44+00:00
82aab128-847a-547d-ae82-9e734dab17be,e8a6f31f-ac8f-57fe-a0fa-0243d2db0ebe,transfer,27,MOV-04-0081,2025-12-04T11:07:04+00:00
8fd21d4f-0796-592c-8972-d0afeffff1a9,587bb8aa-7afb-50fb-9c7a-0fe0da8786cd,sale,8,MOV-04-0082,2025-08-23T05:13:43+00:00
e956d79c-12ee-54fc-913f-213836a99bcb,85e300df-3209-547f-bfb3-fa7dc241535f,sale,12,MOV-04-0090,2026-06-16T22:58:46+00:00
e735b9b5-d450-5f20-a44e-c83d9a82104d,9b8e9d60-b493-5945-8ace-ed395c28ca48,sale,7,MOV-04-0093,2025-09-18T18:54:17+00:00
11106cea-7970-54a3-800b-d93bc8eeb63a,e83d3719-d9e2-5e0a-b5cf-8d9bb2139028,transfer,24,MOV-04-0096,2026-06-18T17:15:54+00:00
cb15301a-18cb-5e26-8090-9591d82f5884,64fe9ae4-eae5-5857-b38b-acee19b554e7,sale,-30,MOV-04-0097,2026-01-03T23:01:13+00:00
24938572-9b91-581b-9b6f-02f6fc32d40d,8262b501-e578-5b29-9be6-2d0d695a1295,sale,-27,MOV-05-0002,2026-04-23T23:15:13+00:00
fb397621-8474-5120-b379-e09bc142d83e,82968b0d-eb49-5810-a853-feee1771c017,receipt,13,MOV-05-0008,2025-11-05T11:44:04+00:00
41199026-1fc4-5344-8d39-a9a0de3edee2,dab10e63-fb60-5765-a624-b00ce50d2654,transfer,9,MOV-05-0012,2026-05-13T17:32:15+00:00
69471812-80e3-521f-9a22-410f7ee67737,98825a5a-c850-5c52-ac54-cf0ce123fced,sale,24,MOV-05-0015,2025-08-30T04:25:18+00:00
c6b9a54e-114d-56d8-97f0-9385680d8994,075a9c0e-ca88-5e50-b362-e491af239ee9,adjustment,23,MOV-05-0017,2025-08-31T03:30:39+00:00
2e63e026-fe2e-5e4a-b1fe-b26a92dc7101,a9a0f68a-46e2-5464-a011-af27ca2274de,adjustment,-16,MOV-05-0019,2026-01-03T11:33:33+00:00
f4509f17-349d-512b-9fb7-962d3e046170,f6f2641f-e4d5-50fc-bd6f-dcf4080b7ace,sale,-10,MOV-05-0021,2025-10-01T15:45:59+00:00
8840a045-472e-59a3-8187-7495f473e1c5,2b1b0893-9af1-501a-8168-3c9d0233f1f1,receipt,13,MOV-05-0022,2025-08-22T15:27:47+00:00
eabba473-dad2-5aff-98b1-368015f0cb25,bac830ed-2eac-5420-a303-1806cf0d0fb0,sale,-9,MOV-05-0024,2026-02-15T13:30:22+00:00
9058d16d-aa6c-55c0-832d-06b11c2e81e1,a69d9817-74cd-5751-888e-8d2b66e51301,sale,30,MOV-05-0029,2026-05-09T13:00:34+00:00
3f3be9e2-ea71-5e6e-a71c-9fa0ac9dab4b,f2d2f4fb-0fd7-52c9-90a6-5ddd2838c199,transfer,6,MOV-05-0031,2026-06-28T13:08:32+00:00
b3cf1228-d38f-52b9-801b-0837e004d3f9,c8a62cd1-3ab2-51c9-a28b-949a790df27a,sale,-3,MOV-05-0035,2026-06-17T04:55:42+00:00
4dbec098-731b-5258-b231-b2c0b0c7d557,608811e9-83cf-552c-8bf7-0abf1ac482e1,receipt,-17,MOV-05-0036,2026-02-26T16:37:42+00:00
d7c590b8-d6e6-5c2d-80c4-168e9c3809ee,5d538a7f-da39-5125-9b0e-c7da26533949,adjustment,-9,MOV-05-0038,2025-08-13T13:50:32+00:00
d74ee507-f172-5742-b9e3-cdfbca02ca1c,fb47b46d-ee7e-5d1b-bc1a-482502449e3c,adjustment,-16,MOV-05-0047,2025-10-10T14:27:10+00:00
0bd42be4-e674-57b5-bbbb-669480a9d5a5,89ba17cb-b327-504d-bfd3-66865388646a,sale,-21,MOV-05-0050,2026-05-03T22:27:49+00:00
bf839308-f4d6-51d7-9db5-7c1668ad31e1,8f7c978b-adf4-50a5-b71f-0004d9579e57,transfer,-15,MOV-05-0056,2026-03-03T22:46:48+00:00
5c698fce-a2a0-5ef9-8edb-eab627e07b2e,64d34c18-0862-5676-9554-d147259a6304,receipt,18,MOV-05-0059,2026-03-14T19:25:46+00:00
7c1f0b78-74b9-5c8e-8e8d-ea0b23e91b33,18893749-683b-527b-afe6-086e3ac17583,transfer,-21,MOV-05-0061,2026-08-03T02:51:01+00:00
fe00c62f-f07c-5c08-8d30-e993b7f195be,075fa5c5-5aa1-52b2-a9b6-ab0e928de723,transfer,-4,MOV-05-0063,2025-12-22T02:38:10+00:00
af5b2277-5f1b-5be8-98dd-fe402f6fc628,027d99a6-12f7-5b43-9681-08bc6abbe552,receipt,30,MOV-05-0066,2025-09-06T17:08:21+00:00
c7bbd11b-c08c-54d4-87c6-918cde31380e,b47dfac5-cf9d-51f8-9eb3-6311ae6df571,receipt,-3,MOV-05-0069,2026-05-20T12:26:26+00:00
8b9510b4-d919-5fd9-85f0-fb078ec4496a,e0d0a85c-f2dc-5c3d-989b-a268380925e5,sale,-22,MOV-05-0072,2026-06-21T20:11:41+00:00
8a44cfc1-bfd4-58cb-b634-6744ad0c1bdd,04663d3e-8d6a-5bee-95d9-f52578726cc2,adjustment,-25,MOV-05-0076,2025-12-16T04:45:12+00:00
e42aff33-dd21-523e-bb8b-8788c82c48a0,fc0cc438-ee88-505f-bebb-0073644c4cae,adjustment,-1,MOV-05-0079,2026-07-20T08:17:30+00:00
70958f90-99ef-5e2c-9fb0-d70a465da769,5aa4af91-52b3-5dee-a84e-3325e09d033a,sale,-8,MOV-05-0081,2026-07-18T15:00:34+00:00
0170e17c-2d73-5e07-82f0-849aaae99410,edf31ddb-8588-5969-93df-d7db6c6c585d,adjustment,13,MOV-05-0086,2026-04-04T20:50:44+00:00
6931d4a6-de78-5547-8526-de302c2a0819,1fbcffe1-523f-5349-80aa-39cca8a377e1,receipt,-23,MOV-05-0090,2026-02-09T08:22:22+00:00
98de047f-f9a2-5972-bbef-914df6c4a4fe,74191fde-699f-5c9c-84a3-4e8ec3f0afde,adjustment,13,MOV-05-0098,2026-02-26T18:42:18+00:00
1908ab8d-5538-5f11-a6ab-c34b119a0326,fa13030a-dc5a-54ba-9f5e-7813db510720,sale,5,MOV-05-0100,2026-07-16T12:13:56+00:00
988d70cf-017a-51b8-9ca8-5c7fec8a133c,6aff01a2-37c6-5d12-9ff6-adaf5ec431a1,sale,-17,MOV-06-0006,2026-07-18T04:57:11+00:00
9ae7fa8e-0c08-5bf4-9b9b-f87448c805b1,aeeccd6d-5187-5a53-a8d9-3ef8726cc154,receipt,2,MOV-06-0011,2026-04-06T00:55:58+00:00
9586974e-61aa-589c-9cf6-7a44793bc4b9,92dd45d9-00c9-58f7-ba32-5936e5ddd750,receipt,-30,MOV-06-0012,2026-05-31T05:35:27+00:00
659777a7-1fcf-5009-be9b-79f4c321470e,968e7b72-560a-5d75-816b-70c39d50eed9,transfer,-8,MOV-06-0016,2026-04-02T06:04:19+00:00
e5d6b9c0-0345-507b-90b7-7416b6ad81dc,33f5a37f-4a2b-5a74-b96a-325512357f38,receipt,-1,MOV-06-0019,2025-12-11T23:18:08+00:00
b8569c2e-ed53-50b5-839c-a14ca5210e9d,b1604476-ff80-5fad-832f-5522ad61d765,adjustment,-29,MOV-06-0020,2026-01-16T16:19:57+00:00
abaf4b43-6497-5799-b6c4-042c4ac2979e,68590f4c-69e8-517d-8a38-ef09b18b05e7,adjustment,24,MOV-06-0021,2026-04-29T07:38:35+00:00
cd7ad0a8-3a82-5291-a091-53c16ff2a209,d1b6ae52-3af9-5588-b453-a527b673a83a,sale,8,MOV-06-0022,2026-05-28T09:38:56+00:00
7ddd70d9-7abf-52c6-81af-7f0ae7f9cac9,6b631190-6db1-55dc-ac8b-038d2052ea14,receipt,26,MOV-06-0023,2026-05-10T17:22:24+00:00
1e47ca63-9aec-5785-ab1c-268af00d458b,354a86d0-4677-526d-ad06-8d6845c86aff,adjustment,28,MOV-06-0024,2025-12-24T11:03:43+00:00
2eb47e62-cb36-53a6-af35-2dcc4d83df31,f042a729-cdae-5689-b733-08c1170c11a7,receipt,-4,MOV-06-0026,2026-05-24T20:10:55+00:00
0f876ce3-f690-520f-b5ce-7230041a5a36,4a3df482-172b-59bd-993c-e8802c6cda79,adjustment,-30,MOV-06-0027,2026-03-13T13:24:11+00:00
b91d3638-c28a-57d1-b391-ea5b7b594067,df2b623a-50f8-50f7-b2b5-2b0ee92c5af3,transfer,3,MOV-06-0028,2026-02-07T13:06:19+00:00
7b1c72c3-366f-5272-be08-aee14e4b798e,db05fe86-989a-5828-95df-038debebbad2,sale,-6,MOV-06-0032,2026-06-29T09:14:44+00:00
f8585cd0-033f-5dc8-8af0-46c9be1b40ab,92260768-889c-5e2a-90f3-b6018f991f15,adjustment,-28,MOV-06-0033,2025-11-06T04:36:29+00:00
309800b8-7c26-502f-af1f-2ecf370f3e61,9c2f5bed-5738-529e-ab5a-1c5c0547c096,adjustment,29,MOV-06-0035,2026-01-14T19:29:25+00:00
cbfd1bcd-675e-5c14-afbe-f2402df2b96f,1584c74a-e556-53f0-93e4-9386a4f0e5cf,adjustment,-27,MOV-06-0036,2026-05-31T01:55:23+00:00
71eb7f23-28f0-5464-9377-a7162e264de9,913e6875-7257-5f0f-a7a6-6d4ac7545bcc,adjustment,30,MOV-06-0037,2026-05-25T16:37:18+00:00
1dbde59a-d9c1-5540-9a99-3a995654e4ae,553b8ade-274f-574a-93bb-74abcdd9c83a,sale,-19,MOV-06-0040,2025-08-16T22:08:16+00:00
4027e1fe-e0c0-504e-b79e-1d41228fc33c,eddfd7d2-426c-5a85-93b4-86a3fc4d3b7a,sale,-1,MOV-06-0043,2026-05-19T20:42:38+00:00
4bd62302-56b4-56fb-af83-4a0ddd57b2c3,c1018d15-3574-547e-a033-6722f8629db6,sale,-3,MOV-06-0045,2025-10-11T20:41:11+00:00
209204e7-3d7d-5a8c-a6b9-4f28013b88e6,b17c135a-6a05-5058-8bae-a4de39d8cbcc,receipt,15,MOV-06-0054,2025-12-22T01:31:16+00:00
651b118c-6db3-5f73-8fea-3c45bdf09c71,10538e27-2ec2-5212-83a1-14aebede0537,adjustment,-20,MOV-06-0060,2026-07-24T09:27:38+00:00
f9d4b780-ecd2-5da3-874c-d274c51bbe1c,76c31a4b-b71c-5e66-a8d6-711b8c0c6187,adjustment,13,MOV-06-0061,2026-05-17T20:47:09+00:00
9ba0ce59-cf31-50dc-bbfa-f1ed2da0654c,55a74373-3408-5a21-8f35-ed06fae64e4b,adjustment,27,MOV-06-0067,2026-04-14T19:59:28+00:00
339b7915-bb15-56ee-b5a5-baac627b4989,cb472bcf-a644-5853-971a-2cdd1ab9a645,sale,12,MOV-06-0074,2026-02-07T02:06:43+00:00
bd53b6d0-e848-58ac-ba37-527668b493d7,0290a0c4-215b-589c-a6c2-76444a04e1b1,sale,28,MOV-06-0079,2025-12-31T01:13:09+00:00
588a69b3-19a4-5e1c-a933-1b0aea08a195,ee2f5a36-ddaf-5c96-a728-a0c026a8f6e5,transfer,3,MOV-06-0080,2026-03-27T22:35:16+00:00
e4863564-2d6d-5d35-87cb-c1323885e435,9ca52d97-6e91-5134-978b-961ad76448d4,sale,-7,MOV-06-0083,2025-10-03T04:14:57+00:00
ec5469ef-7853-5950-ac84-bb702fb887b7,8d9ea525-0db4-59ff-a35a-596e7580a080,sale,-12,MOV-06-0087,2025-12-01T23:29:21+00:00
5ce50a7d-2f0d-5ca0-b032-2c29c00295db,d5712d19-8e90-5be3-9a18-f522e7cccc25,transfer,22,MOV-06-0088,2026-06-25T23:05:04+00:00
6f7c7bf4-e2e3-5198-bc26-7e08d05e33c4,eb879fb1-0b82-5342-9f12-684b3f408ff8,receipt,24,MOV-06-0089,2025-08-31T08:05:09+00:00
8721856a-1d70-5499-9281-8f11140ecbfb,028be190-ee43-5b21-ab84-dc266ddab955,sale,-21,MOV-06-0093,2025-12-06T18:50:19+00:00
a3131f2a-e8db-566e-90ec-8f0ed7d95de2,351b4991-5253-59b5-956b-84fcb0d4458f,sale,-11,MOV-06-0096,2026-04-21T15:37:46+00:00
afd8be66-7d3f-5f28-a04f-d53e266507b2,104ef409-f6e3-540e-9f19-a65888a1ec73,receipt,-6,MOV-07-0010,2026-04-21T21:01:57+00:00
8750ae2b-00a3-51ea-8e3e-48589b1b0a4e,d61301ff-6606-56a6-8d38-73f16b20a7df,sale,28,MOV-07-0011,2026-02-16T03:44:54+00:00
cd91945a-8cb9-55c5-a46b-950410abb25f,114e1b54-c42e-5d16-9524-f8563ccb180b,receipt,-22,MOV-07-0015,2025-08-18T04:06:10+00:00
3f9c310f-1603-5164-9936-1eaaeee0e756,08cc4d54-99f0-52da-9cdf-705aec769c28,transfer,-1,MOV-07-0016,2025-12-08T20:40:18+00:00
8565be29-cb7a-5342-9459-d15c67e98c87,f325d2a7-6036-5538-aef8-3dc25bc25da1,adjustment,28,MOV-07-0017,2026-06-18T13:44:54+00:00
f84b8266-8629-528c-949c-14eaa98d816e,2c092f09-1c97-57a8-ba7a-6aff84bbb0e2,transfer,-15,MOV-07-0024,2025-09-20T03:44:30+00:00
1c52ad95-d112-5752-a014-4efd10a3defd,3d7fc625-8f7d-5f30-a47d-6455970a164f,receipt,-9,MOV-07-0030,2025-09-30T13:38:07+00:00
3fe051eb-48d8-508f-b79d-f2e81e588d35,2f1206b5-d6b3-506f-9a55-0cafbbb15f4b,receipt,20,MOV-07-0034,2026-04-30T07:16:11+00:00
b82e9119-a3cc-5803-b871-2c3773308f14,24990872-a9bb-59e2-b61b-96dce44f64c9,transfer,20,MOV-07-0042,2026-08-03T23:32:18+00:00
9b2e0982-dbd6-5678-bcab-48a111a916a5,7c600eb1-be82-59ee-b67b-10892d03fd3d,receipt,28,MOV-07-0044,2026-06-13T16:27:46+00:00
a8174054-97b4-53fc-9f3e-809075d8112b,5af37fa0-6bd2-5407-abd3-bd31dce3ec5d,transfer,25,MOV-07-0046,2025-08-11T11:11:29+00:00
8c902c62-3624-5de3-82b4-63a08c9ca12c,80ea58bb-9175-5a85-a01a-171a2b649922,sale,27,MOV-07-0047,2026-01-09T08:26:14+00:00
58260d2d-7459-5532-bbd4-abc507642539,a4b23315-fa97-543f-9710-48c87be9b0a7,sale,13,MOV-07-0050,2026-03-09T17:21:04+00:00
9f9885bc-aae3-5a1f-92c0-2430624e3751,a9569166-3331-50dd-b256-1ff5e50e4b8b,sale,20,MOV-07-0055,2025-10-14T07:46:38+00:00
ef313644-29e5-5f80-adea-6418b3127f18,8ed53991-3a3d-5fda-9826-01fa091ac664,receipt,22,MOV-07-0057,2025-08-14T00:45:53+00:00
1999a15c-1d85-5ef0-8f15-4579719f58ed,b8992052-7aec-51b0-956f-edf1002a22de,adjustment,11,MOV-07-0058,2026-01-07T05:08:02+00:00
40bc67f8-521a-5e7b-9c31-07c4b7df9435,5ff3e1c9-c653-52e1-97d0-03b60ffe3ac9,sale,-23,MOV-07-0059,2025-08-17T07:35:52+00:00
9e6974b9-da88-5125-8c3a-356561182fff,a3f1f4fe-29c5-5d56-a77b-dd4a189ac2b0,adjustment,-18,MOV-07-0061,2026-03-22T08:11:37+00:00
8e6e1bf8-204a-5770-8006-57a977d93436,c4ad9aa3-adc7-5eca-85b8-bf83e199a455,receipt,8,MOV-07-0067,2026-04-16T22:50:01+00:00
39797cae-8b2e-50b8-8048-b0bcf3ba137f,ea24f2f5-5ccb-5b67-9425-ace274cfbdb2,transfer,13,MOV-07-0068,2026-01-09T22:07:48+00:00
5c9fe214-1e3b-5209-b292-bd24096546d5,010565c0-82e1-5834-af3d-f07ae3ec1fc4,transfer,27,MOV-07-0072,2026-06-05T15:10:25+00:00
7583fa29-8205-55c8-96bb-099441e25c8c,ee1ec025-417b-5c3d-bcc0-7c7fd949bcfe,adjustment,19,MOV-07-0075,2026-02-17T08:07:23+00:00
652a10ca-7b1c-54d8-a209-6061d4159483,51c5e454-87c6-557e-a6bc-8fbe53e61ecb,sale,8,MOV-07-0077,2026-07-09T02:58:51+00:00
7fe21aa5-2406-52fe-8b85-1e76416ea073,b64edd0c-68a4-5b13-a8fd-f154c336bf45,adjustment,-6,MOV-07-0081,2026-05-03T00:47:32+00:00
af2891f7-84f0-5778-ac11-d3a8d5c92675,06fb85bc-6d77-5d3e-bce0-5c09717d26e2,adjustment,-1,MOV-07-0082,2026-04-29T19:36:14+00:00
cbbe0cbb-b1af-5eeb-949b-c2c64211422b,1f49d6b5-5ed3-58a9-a466-37b3b973d0cf,adjustment,-13,MOV-07-0083,2025-11-21T02:12:15+00:00
7948ddac-e2ba-5f1a-963b-a569897b5e94,267d2c24-d0c5-5a19-add9-b172564fa7cd,receipt,30,MOV-07-0087,2026-06-14T12:00:16+00:00
5d652ac3-02c0-5ee1-afae-31c60fecd897,3abf2b67-5905-5dae-aa07-4289783edadc,receipt,-21,MOV-07-0088,2026-02-24T04:38:59+00:00
57fd4e93-cc49-5bee-bf0a-9a66a3de3573,81026efa-02d4-5b6d-aac2-c2802f2a639d,receipt,12,MOV-07-0091,2025-09-15T18:55:22+00:00
76a2a9c5-7859-5df4-99ea-a559317d19ea,d212a26e-f0d0-5258-8c07-15b80a3fdfc8,sale,-18,MOV-07-0096,2025-08-21T06:17:42+00:00
a33fd5cd-e63a-5c83-85bf-d6c7e9104334,12d7e63a-7eee-5cc0-9552-9c90067c36ee,transfer,-6,MOV-08-0004,2025-09-26T03:27:21+00:00
177fb19c-eb3c-5ada-a09e-318080db0de2,ea201cbc-2eca-52f7-8f3a-3e4dc985cb1d,sale,5,MOV-08-0005,2026-03-31T03:12:05+00:00
77d5ca81-fe5a-5b73-8ba3-fec999b022b5,b15b7d67-1f30-5cd1-99f6-c8324651d59f,sale,-29,MOV-08-0011,2026-05-02T01:10:31+00:00
268884b4-eced-5a48-9dd1-51f31550a8e3,863af97c-5ef1-5e11-bcd1-c82835f7927e,transfer,-26,MOV-08-0016,2025-10-05T09:25:29+00:00
b8e6fec5-19d7-52d0-a822-7148e2e2217d,6582d97e-0b8a-5118-826c-a66bbf6e9746,adjustment,1,MOV-08-0017,2025-12-15T15:50:49+00:00
bb386125-191a-5428-a74a-e0ef640223d8,55a282ee-dfed-5f7d-a986-f8cc30df7d08,receipt,-11,MOV-08-0021,2026-06-11T17:33:50+00:00
4bb9f81b-50b1-501e-ba55-94d1671d3050,5bddca00-afa5-53bb-a47a-7895375cc891,adjustment,-29,MOV-08-0022,2026-01-21T06:33:12+00:00
78c47a45-ae18-5eb1-828d-cda80dfad1c4,f1e34a78-8382-5322-913f-c870fee76e2b,adjustment,12,MOV-08-0025,2025-08-26T02:02:59+00:00
3235d28d-7a2b-52f0-9695-4fd0b1bcc4de,f78f92ee-0d66-5469-8f3d-6b99e50bbb8c,transfer,-19,MOV-08-0026,2026-05-25T09:21:21+00:00
8baf7226-34cc-5412-83e9-28656571a012,0e91a8fd-5aa1-5907-9777-c8bc58b37422,adjustment,22,MOV-08-0032,2025-11-09T20:25:19+00:00
292410de-7478-5568-bfb2-9035f17157bf,97941e0c-c1ce-5fec-9307-7983caa414fe,receipt,-7,MOV-08-0035,2026-05-11T17:18:43+00:00
cfc0549c-9d71-58dc-94d5-29a2c8ee0826,fbc2df7e-d721-5c59-a410-ea7143483e20,receipt,14,MOV-08-0042,2025-08-19T14:42:14+00:00
aa8d2046-a678-52db-abb3-1e1c4a3888e2,c8348023-d04a-508b-9a12-d2b53951b416,receipt,22,MOV-08-0047,2026-07-20T17:16:05+00:00
fdc978ba-6416-5308-aaa8-8b19d280e471,dc74dba8-0463-5531-aabf-1523d8add864,adjustment,13,MOV-08-0048,2026-06-09T10:55:26+00:00
54e43cd3-4479-5572-85c8-7739c884dbce,739412a9-2e47-5914-abf4-2ad848420202,receipt,29,MOV-08-0049,2026-03-10T00:59:51+00:00
41504159-fbee-5ea6-8ddc-5646148a8461,2d720c0f-1d56-5b88-a5ff-0ac86a580718,receipt,-3,MOV-08-0050,2025-12-08T19:42:44+00:00
c73b3128-8cf5-55bd-9536-b29ab75ff785,7cbde8e0-39bb-5b23-8c38-b29d6c1a429f,adjustment,12,MOV-08-0058,2026-07-26T06:04:08+00:00
210a5fe8-cb95-5f65-a381-50be294c3b48,c9091738-e24a-5315-befb-cac60bea8f82,transfer,4,MOV-08-0059,2026-07-05T06:42:48+00:00
bf963069-6e63-5332-9685-ee8a5c6d587a,542c1506-737f-53c1-8aa7-a4764b53a603,adjustment,-4,MOV-08-0060,2026-03-03T23:51:35+00:00
587d609b-47c2-5678-a4ad-cbb0576f2f7c,3700df02-0fdf-5690-9ee4-a8607d27b205,transfer,16,MOV-08-0064,2025-09-10T06:55:13+00:00
20233eb0-296a-5379-8ca8-c2723836e700,0a33c54f-92f1-51ca-81f8-4fd2cfdfcdde,receipt,29,MOV-08-0066,2026-06-07T07:16:32+00:00
9a0023b7-05de-5b05-bf0d-f4bf5b4cc548,7b49f58c-b152-5862-846e-43d52ec01610,sale,-2,MOV-08-0068,2026-05-21T15:19:17+00:00
c665ddd9-763e-5087-8aa5-3696fb64ad98,3c1633c2-63cf-5433-b77d-e4c76b7d988d,receipt,19,MOV-08-0072,2026-07-01T01:12:09+00:00
d615a5bb-5c5d-5c47-80a9-7933fd552d8b,f2f8716b-e0b4-55d6-8424-611f98da0aed,sale,3,MOV-08-0073,2026-06-14T20:49:10+00:00
1b232396-a4b3-5440-b756-4d712e187032,f29204bf-442e-5c1b-b2c0-448c0e43e9a2,receipt,27,MOV-08-0074,2026-01-07T23:53:30+00:00
491da1f8-e1a4-5243-9606-6395395bae6f,2046f9f2-67b3-55cb-ad35-8f858476a925,sale,-11,MOV-08-0081,2026-06-25T23:53:31+00:00
a2c562da-4526-5486-baf1-94f1ad9c617c,94be8f23-4053-52df-8e29-d3fe395c4f7e,adjustment,14,MOV-08-0084,2026-02-18T06:55:11+00:00
653443a2-8009-5af0-892c-fd79971bc50a,d4577f09-85a9-5463-ae09-783db6f48f2d,adjustment,2,MOV-08-0086,2025-08-11T02:48:11+00:00
8f54a29a-aeeb-5c69-800a-33ab1792292a,8bcab5ae-5fb1-513d-b25d-66c4a1eaca1b,receipt,20,MOV-08-0089,2025-09-17T07:22:20+00:00
251a78aa-d073-529d-bc5b-8280b8dd73ef,fa47c97e-9e6f-59dc-a959-f24fa45f38c2,adjustment,-7,MOV-08-0091,2026-02-05T12:23:14+00:00
49b53028-a835-5d7f-aaa2-b7ea7da6fb20,3abe628c-910a-5ef7-b3fa-8433340bf960,adjustment,14,MOV-08-0097,2026-05-06T17:43:19+00:00
3eeb78b7-7873-5800-92a5-623b043ae9f0,dccae80e-31cb-5a3c-8529-d958f3320654,adjustment,-9,MOV-09-0002,2026-03-28T23:11:44+00:00
694bf064-cd21-5a20-aeb9-7e5c29f44f38,e848c549-9e0c-5ed2-a11d-e69b771e364a,receipt,-17,MOV-09-0004,2026-01-30T00:41:56+00:00
eefb2059-1b16-5ece-87ad-8424f0fc1732,fb57e4ec-6289-5092-a3c1-cec140f6e15a,receipt,-12,MOV-09-0006,2026-08-04T06:09:16+00:00
f479e280-7a8c-5a06-8f6e-517488244a57,9c8714e8-a992-5720-a030-21464bc5f2ad,transfer,-17,MOV-09-0010,2025-09-05T23:09:45+00:00
e3bf633b-8622-5028-bad0-95b114ca46a4,aba03bce-3b51-5897-9852-ad8f9d69676f,receipt,11,MOV-09-0024,2026-03-11T08:50:37+00:00
cd1410e3-584e-5326-937a-c3a2759119e1,7fe03a5d-f4c1-5b03-8b25-b96388e3f52c,transfer,-29,MOV-09-0025,2025-09-11T18:14:54+00:00
083c7492-84d3-5395-a0e0-391c51cfb68d,d3823de5-36c0-5fac-a2ec-32f47aca1338,transfer,-7,MOV-09-0027,2026-07-14T21:46:23+00:00
7bfebc6c-6935-5190-807c-ebf7040dde68,1d501eb4-0fa5-558a-aef2-ba7f6ce69030,receipt,12,MOV-09-0028,2026-05-29T19:12:28+00:00
69cd1b59-73c9-5f32-bf84-d2514df73bc0,93da8b5d-50cd-5ea0-9c47-5f95da872ec5,transfer,7,MOV-09-0033,2026-04-27T11:42:22+00:00
009aa62e-53d6-5ff0-99f3-574357e45670,900a6bc9-59df-5931-a90c-67a852f395c7,transfer,2,MOV-09-0038,2026-01-28T21:23:10+00:00
8eb312ad-614b-5184-8fb4-8d47be4ee2ca,ef1a07b5-30e9-5947-870d-bf974f0191a4,sale,1,MOV-09-0039,2026-06-15T16:49:14+00:00
e9f68c0a-eb21-56f7-9ba1-2fa7fbab4cea,2fb0def9-98cf-5de3-9947-275332aaf5f9,transfer,21,MOV-09-0040,2025-12-24T08:13:53+00:00
c0fc62c4-8c51-5a4c-8fc0-e19fe37fc148,98eb6413-7ac5-53d8-ac36-a8bd7fd9a300,adjustment,20,MOV-09-0045,2025-10-10T13:34:50+00:00
60eca755-0554-5835-a9ba-33d6d441f3fd,5a28d4ed-0ff6-5d2e-8a5f-53a7a7d7ebcd,adjustment,-14,MOV-09-0046,2025-11-17T08:58:23+00:00
f8385a91-9698-5254-88dd-14f714ab040f,db617c24-afc4-55c7-91e6-fedb699f8aa4,transfer,-26,MOV-09-0057,2026-05-28T04:22:47+00:00
f9fd0013-76fa-5e9d-9cd8-181099030643,480260be-dbb4-51e0-b8a7-02ed0c27ce42,sale,11,MOV-09-0060,2026-04-25T11:33:12+00:00
f6be1e79-ad3a-5730-b6fd-2f4cd2488a4c,1c2d45a0-001c-5cdf-a1a6-8aca5b2ce297,adjustment,-26,MOV-09-0063,2026-05-12T22:25:33+00:00
9e079e3e-6662-5b72-9504-38623c45d297,35b1cbe4-89f1-5fd0-a5f1-6ac76e6b15a9,sale,-29,MOV-09-0065,2026-07-16T23:44:03+00:00
b611fa1c-77d5-5bbb-bde9-b8416ee48d7a,de817b7f-1cbf-5a81-8f13-ff0abbf164bb,receipt,-2,MOV-09-0069,2025-09-08T21:43:43+00:00
bec373de-29ea-5fd2-af5d-4d7109af8209,3ba1cbe9-4b24-52d7-8f39-c9ed3ea0ab08,sale,-26,MOV-09-0070,2026-03-03T03:09:21+00:00
c238ad31-477a-5918-a468-03a907943e5c,8d3f4bba-a53c-5ab4-aa00-3134e79c8a1d,sale,10,MOV-09-0075,2026-07-30T22:56:21+00:00
a4e39b0f-80fb-53a0-b753-1b9391ff1441,1a531905-bd77-56b3-80a7-c37e98f51616,transfer,-10,MOV-09-0078,2025-08-17T15:28:22+00:00
f55d6a2e-7d35-59b0-b8bd-e3ac820f0531,d3cdb785-ed53-5f9b-bd86-ca0023bb50b1,transfer,10,MOV-09-0079,2025-10-01T20:19:26+00:00
17f739db-f448-52c2-a70a-7a2d1e986e66,dce3bc01-b597-5486-b1b6-d7168bd0622c,adjustment,20,MOV-09-0080,2025-09-16T16:36:47+00:00
d177aa75-eee0-535a-90ed-fcf1e913e4bb,89b49d10-c2f7-5a82-aee2-74ad27bb5cdf,receipt,2,MOV-09-0082,2025-11-25T13:27:27+00:00
012939bc-7a3b-58d9-94eb-e3ee002814c7,cbd9a618-9efa-57bc-833c-7e289056f882,transfer,-5,MOV-09-0083,2026-04-23T10:18:51+00:00
c7882d1b-a912-5226-a90c-dfb09c0bb3f3,0cb7db1c-fe30-5403-ac74-afc1ac3c6c12,receipt,-13,MOV-09-0085,2026-06-07T00:49:26+00:00
4851fad3-8232-5bd5-ba21-7284c394830b,af60632a-6c52-565b-9fbc-0179e2c50d93,transfer,-11,MOV-09-0087,2026-02-08T12:28:29+00:00
b289867e-7f35-5682-b338-b2410962d59c,c6773940-7ee1-52e8-b337-df850d6a8d68,receipt,-1,MOV-09-0088,2026-04-10T19:16:54+00:00
9bb7cf60-fa98-5e10-bb5a-ee07ed1ba44a,d458bde7-687d-5baa-8bb4-41a64249b4a0,receipt,-7,MOV-09-0090,2026-01-13T18:10:07+00:00
9aaa0a2b-4742-521b-b61b-e3ca9a184f4c,5c898426-2016-5bd1-ab6b-1a9463fb2e56,receipt,-14,MOV-09-0091,2025-08-09T03:29:28+00:00
61753357-4224-5e91-a0a3-18cb6ce8c68d,9eeb03c7-6067-5074-b21f-2beab709ca8c,transfer,-15,MOV-10-0003,2026-07-09T02:37:46+00:00
b9c6d8e6-baef-53f8-bac3-a7ffc8cbc8d5,487e39a2-c96d-5a96-a257-afec4395000a,adjustment,16,MOV-10-0004,2026-03-19T23:25:58+00:00
c21b7123-2c6f-54f0-8a23-e8331bd345e5,f929e238-ef5d-5dd5-b923-5184452fdbaf,sale,-19,MOV-10-0012,2026-02-07T03:07:31+00:00
3782c202-93c6-51ef-9ed6-f5399513e995,cd9e4484-1a5b-5715-8f31-42198493a977,transfer,19,MOV-10-0016,2026-03-02T22:30:30+00:00
fc550bdb-705b-5d9f-b536-588c170c78f4,0a0bbff5-d2fd-56ba-ab78-bf2009d6d0ae,transfer,-22,MOV-10-0019,2025-09-01T08:13:45+00:00
92bd9d77-199e-5c1d-95fb-bf2edb6b0b80,7dc4edc1-4c7e-5a07-8e2b-b14d1a3d7c2d,transfer,7,MOV-10-0024,2025-11-19T09:15:00+00:00
fbe3e0fe-994b-5452-a90f-99021805479c,8ba6d05b-5efb-53f3-b250-4b6c745e7c8c,receipt,12,MOV-10-0028,2025-10-01T11:02:54+00:00
07ceea07-76fb-57df-b0e7-b4e61551b741,a07c8342-8e99-5f3f-a003-46457b6e8bcc,sale,22,MOV-10-0035,2026-04-20T18:55:29+00:00
248b7489-c178-5cca-92c1-1270638ab1c4,b86d8ce4-0b3c-521f-9023-93d2a2d304ce,receipt,1,MOV-10-0036,2026-02-01T13:07:43+00:00
3ed484b1-d8d5-539d-836b-6823b192bad2,4ae1a616-07e9-5a1e-93f0-7568e1dba129,adjustment,28,MOV-10-0039,2025-09-03T19:01:34+00:00
54e017ed-987d-5de7-beaa-5ceca348d714,e18f8129-9db7-5d44-b7fe-4a9c037a36d1,transfer,-29,MOV-10-0040,2026-02-15T00:27:06+00:00
c639dbdf-d5ee-5302-b230-7608de30280e,bb07f4b1-aee2-599b-8f45-ef2f1041fe0f,receipt,-24,MOV-10-0047,2025-11-22T18:07:47+00:00
72dbdd39-bb17-5a13-9326-729e87ef1092,aa75a68c-7c72-5556-88cd-eaca5ef65a14,transfer,22,MOV-10-0049,2025-12-01T15:24:16+00:00
c332bde9-844c-5ef6-a9c2-a406d59a792f,929c9a35-346a-5ef5-992c-9a874fc2e98e,adjustment,10,MOV-10-0051,2026-01-15T09:11:11+00:00
a8fac16f-8793-5561-87b5-eeed351dd193,5f7eddbc-e88e-53ad-9404-01e22a715af9,transfer,-14,MOV-10-0053,2026-07-28T23:38:07+00:00
86fde962-2939-5227-912d-a889274e1885,3f4336d2-89bd-5677-97bb-b46b3b45145d,adjustment,-21,MOV-10-0054,2025-08-10T04:13:29+00:00
ac8b93fb-9cb4-5984-b755-0c0e063a4cd9,b337c2fd-40b5-5295-b555-181b59970ccb,transfer,-12,MOV-10-0059,2025-12-28T22:33:49+00:00
e3f5258a-3b5b-563d-8df3-53b9e6b390d5,ee96be25-b15b-5d80-8ff2-ccfe5bb2d1a9,sale,12,MOV-10-0061,2025-11-27T20:16:19+00:00
4ccb3193-5e4a-53ca-bc7b-6a78c54460c4,3757b83a-bc98-5dd6-8be1-44dada885c73,sale,7,MOV-10-0062,2025-09-10T00:56:22+00:00
52647fdb-0255-5f44-8922-1aca7188f19a,2a1f52e7-17d6-5c4f-8dd0-7611d44616e3,adjustment,-12,MOV-10-0064,2026-06-29T14:41:53+00:00
19a08eca-a5bb-538d-89cf-e795ec2138a5,e2b1cd14-ffeb-586d-ad36-e78bb388e053,adjustment,2,MOV-10-0069,2025-09-06T01:34:49+00:00
270e2e47-f7b9-5d1a-a7cb-651e5baa0b5b,31873206-0341-540b-9895-0fd3bf7178d5,adjustment,-11,MOV-10-0070,2025-11-15T22:55:47+00:00
9ab60f65-4f84-5dd7-9690-b25fed930a7a,71f58689-ee34-5339-841a-1936dc4f7b00,receipt,11,MOV-10-0071,2025-11-09T23:41:10+00:00
b756ed3c-debf-5220-996c-1acf164b9c47,5ba818d9-b320-5f8e-84cf-974cf62a1382,adjustment,-8,MOV-10-0072,2026-07-14T03:44:35+00:00
f2fd663e-f39c-5c4f-aaa0-8888305b9e2a,ef6a128d-0577-561f-81d4-4cc2a2fd28e3,adjustment,-15,MOV-10-0074,2026-07-08T02:33:34+00:00
85725955-f630-57db-95db-333e0b2fc15d,6f0d547c-d19d-5f42-b2b6-390c1d347ceb,adjustment,7,MOV-10-0079,2026-04-24T07:39:35+00:00
aa0b9313-160b-5dcc-9404-ce2b0a2045cb,c11f7861-2551-551c-b05e-736844981775,receipt,-28,MOV-10-0082,2026-03-08T01:21:28+00:00
586c1622-e685-5fa6-bd7d-d1c3632b9d94,22a37854-8b2f-58d1-9a9d-585470bfc0aa,transfer,9,MOV-10-0083,2026-04-09T00:38:52+00:00
93898f1e-f79d-5f14-a92a-d1de8fcd72ff,89d91062-1181-57e4-b539-8ca9e603cb27,adjustment,25,MOV-10-0086,2025-11-12T00:10:48+00:00
19ccd872-69cd-5c62-85ca-5251b5f68138,281f93f6-3f10-512e-81b6-78ce27d7dbdd,receipt,-12,MOV-10-0088,2026-06-15T23:11:26+00:00
306fdcd2-1c46-5739-a24c-6f46417c8368,536d6c8d-ad2b-509a-be84-63fe4180692e,sale,-12,MOV-10-0090,2025-08-13T07:34:37+00:00
a600e309-f240-576c-9ea0-e1ad8d0a00ec,0cc749f7-61d5-507f-aaaf-c07af8d9bc80,receipt,-4,MOV-10-0093,2025-11-02T13:13:25+00:00
a415d1c5-a168-58c0-9d17-2caf3327cf82,62995c25-863d-58a4-825f-e0dbb0f9b9ff,transfer,27,MOV-10-0095,2025-11-19T16:43:10+00:00
c6fed435-c1dc-5d34-b023-431a82fde8da,98d1ebe1-3b2a-5c6f-8f93-b41c2ef46208,sale,2,MOV-10-0097,2025-10-31T23:48:22+00:00
12da14b8-b66e-5915-8008-39eefbbe1b4c,de710c42-e5c0-5e6a-a3cf-3e6b6c52e421,sale,-29,MOV-10-0098,2026-02-10T02:18:22+00:00
d45067e6-d89e-5e61-90ad-92ce30dc6e7c,e13b9d5f-5d55-5f17-b178-a428d3ad6229,receipt,-1,MOV-10-0100,2026-03-17T19:20:50+00:00
